id	path	signal	sr_hz	f_target_hz	side	duty_param	morph	pw_depth	lfo_wave	f0_meas_hz	phi0_model	peak	channel	cable	warm	win	raw	samples	src
vco_a_sawmix_44100_220_m0	vco_a_sawmix	-	44100.000000	220.000000	a	0.5	0	0	-	219.818115234375	1.7959183673469388	0.49999999999989697	dry_a	none	8192	16384	gh19_s6_scn1.raw	24576	-
vco_a_sawmix_44100_440_m0	vco_a_sawmix	-	44100.000000	440.000000	a	0.5	0	0	-	439.63623046875	3.5918367346938775	0.49999999999979394	dry_a	none	8192	16384	gh19_s6_scn2.raw	24576	-
vco_a_sawmix_44100_880_m0	vco_a_sawmix	-	44100.000000	880.000000	a	0.5	0	0	-	879.2724609375	7.1836734693877551	0.49999999999958789	dry_a	none	8192	16384	gh19_s6_scn3.raw	24576	-
vco_a_sawmix_48000_220_m0	vco_a_sawmix	-	48000.000000	220.000000	a	0.5	0	0	-	219.7265625	1.6499999999999999	0.49999999999977618	dry_a	none	8192	16384	gh19_s6_scn4.raw	24576	-
vco_a_sawmix_48000_440_m0	vco_a_sawmix	-	48000.000000	440.000000	a	0.5	0	0	-	439.453125	3.2999999999999998	0.4999999999999396	dry_a	none	8192	16384	gh19_s6_scn5.raw	24576	-
vco_a_sawmix_48000_880_m0	vco_a_sawmix	-	48000.000000	880.000000	a	0.5	0	0	-	879.8828125	6.5999999999999996	0.49999999999995204	dry_a	none	8192	16384	gh19_s6_scn6.raw	24576	-
vco_a_sawmix_88200_220_m0	vco_a_sawmix	-	88200.000000	220.000000	a	0.5	0	0	-	218.9208984375	0.89795918367346939	0.49999999999994849	dry_a	none	8192	16384	gh19_s6_scn7.raw	24576	-
vco_a_sawmix_88200_440_m0	vco_a_sawmix	-	88200.000000	440.000000	a	0.5	0	0	-	439.63623046875	1.7959183673469388	0.49999999999989697	dry_a	none	8192	16384	gh19_s6_scn8.raw	24576	-
vco_a_sawmix_88200_880_m0	vco_a_sawmix	-	88200.000000	880.000000	a	0.5	0	0	-	879.2724609375	3.5918367346938775	0.49999999999979394	dry_a	none	8192	16384	gh19_s6_scn9.raw	24576	-
vco_a_sawmix_96000_220_m0	vco_a_sawmix	-	96000.000000	220.000000	a	0.5	0	0	-	218.75	0.82499999999999996	0.49999999999914913	dry_a	none	8192	16384	gh19_s6_scn10.raw	24576	-
vco_a_sawmix_96000_440_m0	vco_a_sawmix	-	96000.000000	440.000000	a	0.5	0	0	-	439.453125	1.6499999999999999	0.49999999999977618	dry_a	none	8192	16384	gh19_s6_scn11.raw	24576	-
vco_a_sawmix_96000_880_m0	vco_a_sawmix	-	96000.000000	880.000000	a	0.5	0	0	-	878.90625	3.2999999999999998	0.4999999999999396	dry_a	none	8192	16384	gh19_s6_scn12.raw	24576	-
vco_a_sawmix_44100_220_m6250	vco_a_sawmix	-	44100.000000	220.000000	a	0.5	0.0625	0	-	219.818115234375	1.7959183673469388	0.24999999999994849	dry_a	none	8192	16384	gh19_s6_scn13.raw	24576	-
vco_a_sawmix_44100_440_m6250	vco_a_sawmix	-	44100.000000	440.000000	a	0.5	0.0625	0	-	439.63623046875	3.5918367346938775	0.24999999999989697	dry_a	none	8192	16384	gh19_s6_scn14.raw	24576	-
vco_a_sawmix_44100_880_m6250	vco_a_sawmix	-	44100.000000	880.000000	a	0.5	0.0625	0	-	879.2724609375	7.1836734693877551	0.24999999999979394	dry_a	none	8192	16384	gh19_s6_scn15.raw	24576	-
vco_a_sawmix_48000_220_m6250	vco_a_sawmix	-	48000.000000	220.000000	a	0.5	0.0625	0	-	219.7265625	1.6499999999999999	0.24999999999988809	dry_a	none	8192	16384	gh19_s6_scn16.raw	24576	-
vco_a_sawmix_48000_440_m6250	vco_a_sawmix	-	48000.000000	440.000000	a	0.5	0.0625	0	-	439.453125	3.2999999999999998	0.2499999999999698	dry_a	none	8192	16384	gh19_s6_scn17.raw	24576	-
vco_a_sawmix_48000_880_m6250	vco_a_sawmix	-	48000.000000	880.000000	a	0.5	0.0625	0	-	879.8828125	6.5999999999999996	0.24999999999997602	dry_a	none	8192	16384	gh19_s6_scn18.raw	24576	-
vco_a_sawmix_88200_220_m6250	vco_a_sawmix	-	88200.000000	220.000000	a	0.5	0.0625	0	-	218.9208984375	0.89795918367346939	0.24999999999997424	dry_a	none	8192	16384	gh19_s6_scn19.raw	24576	-
vco_a_sawmix_88200_440_m6250	vco_a_sawmix	-	88200.000000	440.000000	a	0.5	0.0625	0	-	439.63623046875	1.7959183673469388	0.24999999999994849	dry_a	none	8192	16384	gh19_s6_scn20.raw	24576	-
vco_a_sawmix_88200_880_m6250	vco_a_sawmix	-	88200.000000	880.000000	a	0.5	0.0625	0	-	879.2724609375	3.5918367346938775	0.24999999999989697	dry_a	none	8192	16384	gh19_s6_scn21.raw	24576	-
vco_a_sawmix_96000_220_m6250	vco_a_sawmix	-	96000.000000	220.000000	a	0.5	0.0625	0	-	218.75	0.82499999999999996	0.24999999999957456	dry_a	none	8192	16384	gh19_s6_scn22.raw	24576	-
vco_a_sawmix_96000_440_m6250	vco_a_sawmix	-	96000.000000	440.000000	a	0.5	0.0625	0	-	439.453125	1.6499999999999999	0.24999999999988809	dry_a	none	8192	16384	gh19_s6_scn23.raw	24576	-
vco_a_sawmix_96000_880_m6250	vco_a_sawmix	-	96000.000000	880.000000	a	0.5	0.0625	0	-	878.90625	3.2999999999999998	0.2499999999999698	dry_a	none	8192	16384	gh19_s6_scn24.raw	24576	-
vco_a_sawmix_44100_220_m18750	vco_a_sawmix	-	44100.000000	220.000000	a	0.5	0.1875	0	-	219.818115234375	1.7959183673469388	0.24999999999994849	dry_a	none	8192	16384	gh19_s6_scn25.raw	24576	-
vco_a_sawmix_44100_440_m18750	vco_a_sawmix	-	44100.000000	440.000000	a	0.5	0.1875	0	-	439.63623046875	3.5918367346938775	0.24999999999989697	dry_a	none	8192	16384	gh19_s6_scn26.raw	24576	-
vco_a_sawmix_44100_880_m18750	vco_a_sawmix	-	44100.000000	880.000000	a	0.5	0.1875	0	-	879.2724609375	7.1836734693877551	0.24999999999979394	dry_a	none	8192	16384	gh19_s6_scn27.raw	24576	-
vco_a_sawmix_48000_220_m18750	vco_a_sawmix	-	48000.000000	220.000000	a	0.5	0.1875	0	-	219.7265625	1.6499999999999999	0.24999999999988809	dry_a	none	8192	16384	gh19_s6_scn28.raw	24576	-
vco_a_sawmix_48000_440_m18750	vco_a_sawmix	-	48000.000000	440.000000	a	0.5	0.1875	0	-	439.453125	3.2999999999999998	0.2499999999999698	dry_a	none	8192	16384	gh19_s6_scn29.raw	24576	-
vco_a_sawmix_48000_880_m18750	vco_a_sawmix	-	48000.000000	880.000000	a	0.5	0.1875	0	-	879.8828125	6.5999999999999996	0.24999999999997602	dry_a	none	8192	16384	gh19_s6_scn30.raw	24576	-
vco_a_sawmix_88200_220_m18750	vco_a_sawmix	-	88200.000000	220.000000	a	0.5	0.1875	0	-	218.9208984375	0.89795918367346939	0.24999999999997424	dry_a	none	8192	16384	gh19_s6_scn31.raw	24576	-
vco_a_sawmix_88200_440_m18750	vco_a_sawmix	-	88200.000000	440.000000	a	0.5	0.1875	0	-	439.63623046875	1.7959183673469388	0.24999999999994849	dry_a	none	8192	16384	gh19_s6_scn32.raw	24576	-
vco_a_sawmix_88200_880_m18750	vco_a_sawmix	-	88200.000000	880.000000	a	0.5	0.1875	0	-	879.2724609375	3.5918367346938775	0.24999999999989697	dry_a	none	8192	16384	gh19_s6_scn33.raw	24576	-
vco_a_sawmix_96000_220_m18750	vco_a_sawmix	-	96000.000000	220.000000	a	0.5	0.1875	0	-	218.75	0.82499999999999996	0.24999999999957456	dry_a	none	8192	16384	gh19_s6_scn34.raw	24576	-
vco_a_sawmix_96000_440_m18750	vco_a_sawmix	-	96000.000000	440.000000	a	0.5	0.1875	0	-	439.453125	1.6499999999999999	0.24999999999988809	dry_a	none	8192	16384	gh19_s6_scn35.raw	24576	-
vco_a_sawmix_96000_880_m18750	vco_a_sawmix	-	96000.000000	880.000000	a	0.5	0.1875	0	-	878.90625	3.2999999999999998	0.2499999999999698	dry_a	none	8192	16384	gh19_s6_scn36.raw	24576	-
vco_a_sawmix_44100_220_m25000	vco_a_sawmix	-	44100.000000	220.000000	a	0.5	0.25	0	-	219.818115234375	1.7959183673469388	0.49999999999989697	dry_a	none	8192	16384	gh19_s6_scn37.raw	24576	-
vco_a_sawmix_44100_440_m25000	vco_a_sawmix	-	44100.000000	440.000000	a	0.5	0.25	0	-	439.63623046875	3.5918367346938775	0.49999999999979394	dry_a	none	8192	16384	gh19_s6_scn38.raw	24576	-
vco_a_sawmix_44100_880_m25000	vco_a_sawmix	-	44100.000000	880.000000	a	0.5	0.25	0	-	879.2724609375	7.1836734693877551	0.49999999999958789	dry_a	none	8192	16384	gh19_s6_scn39.raw	24576	-
vco_a_sawmix_48000_220_m25000	vco_a_sawmix	-	48000.000000	220.000000	a	0.5	0.25	0	-	219.7265625	1.6499999999999999	0.49999999999977618	dry_a	none	8192	16384	gh19_s6_scn40.raw	24576	-
vco_a_sawmix_48000_440_m25000	vco_a_sawmix	-	48000.000000	440.000000	a	0.5	0.25	0	-	439.453125	3.2999999999999998	0.4999999999999396	dry_a	none	8192	16384	gh19_s6_scn41.raw	24576	-
vco_a_sawmix_48000_880_m25000	vco_a_sawmix	-	48000.000000	880.000000	a	0.5	0.25	0	-	879.8828125	6.5999999999999996	0.49999999999995204	dry_a	none	8192	16384	gh19_s6_scn42.raw	24576	-
vco_a_sawmix_88200_220_m25000	vco_a_sawmix	-	88200.000000	220.000000	a	0.5	0.25	0	-	218.9208984375	0.89795918367346939	0.49999999999994849	dry_a	none	8192	16384	gh19_s6_scn43.raw	24576	-
vco_a_sawmix_88200_440_m25000	vco_a_sawmix	-	88200.000000	440.000000	a	0.5	0.25	0	-	439.63623046875	1.7959183673469388	0.49999999999989697	dry_a	none	8192	16384	gh19_s6_scn44.raw	24576	-
vco_a_sawmix_88200_880_m25000	vco_a_sawmix	-	88200.000000	880.000000	a	0.5	0.25	0	-	879.2724609375	3.5918367346938775	0.49999999999979394	dry_a	none	8192	16384	gh19_s6_scn45.raw	24576	-
vco_a_sawmix_96000_220_m25000	vco_a_sawmix	-	96000.000000	220.000000	a	0.5	0.25	0	-	218.75	0.82499999999999996	0.49999999999914913	dry_a	none	8192	16384	gh19_s6_scn46.raw	24576	-
vco_a_sawmix_96000_440_m25000	vco_a_sawmix	-	96000.000000	440.000000	a	0.5	0.25	0	-	439.453125	1.6499999999999999	0.49999999999977618	dry_a	none	8192	16384	gh19_s6_scn47.raw	24576	-
vco_a_sawmix_96000_880_m25000	vco_a_sawmix	-	96000.000000	880.000000	a	0.5	0.25	0	-	878.90625	3.2999999999999998	0.4999999999999396	dry_a	none	8192	16384	gh19_s6_scn48.raw	24576	-
vco_b_sawmix_44100_220_m0	vco_b_sawmix	-	44100.000000	220.000000	b	0.5	0	0	-	219.818115234375	1.7959183673469388	0.49999999999989697	dry_b	none	8192	16384	gh19_s6_scn49.raw	24576	-
vco_b_sawmix_44100_440_m0	vco_b_sawmix	-	44100.000000	440.000000	b	0.5	0	0	-	439.63623046875	3.5918367346938775	0.49999999999979394	dry_b	none	8192	16384	gh19_s6_scn50.raw	24576	-
vco_b_sawmix_44100_880_m0	vco_b_sawmix	-	44100.000000	880.000000	b	0.5	0	0	-	879.2724609375	7.1836734693877551	0.49999999999958789	dry_b	none	8192	16384	gh19_s6_scn51.raw	24576	-
vco_b_sawmix_48000_220_m0	vco_b_sawmix	-	48000.000000	220.000000	b	0.5	0	0	-	219.7265625	1.6499999999999999	0.49999999999977618	dry_b	none	8192	16384	gh19_s6_scn52.raw	24576	-
vco_b_sawmix_48000_440_m0	vco_b_sawmix	-	48000.000000	440.000000	b	0.5	0	0	-	439.453125	3.2999999999999998	0.4999999999999396	dry_b	none	8192	16384	gh19_s6_scn53.raw	24576	-
vco_b_sawmix_48000_880_m0	vco_b_sawmix	-	48000.000000	880.000000	b	0.5	0	0	-	879.8828125	6.5999999999999996	0.49999999999995204	dry_b	none	8192	16384	gh19_s6_scn54.raw	24576	-
vco_b_sawmix_88200_220_m0	vco_b_sawmix	-	88200.000000	220.000000	b	0.5	0	0	-	218.9208984375	0.89795918367346939	0.49999999999994849	dry_b	none	8192	16384	gh19_s6_scn55.raw	24576	-
vco_b_sawmix_88200_440_m0	vco_b_sawmix	-	88200.000000	440.000000	b	0.5	0	0	-	439.63623046875	1.7959183673469388	0.49999999999989697	dry_b	none	8192	16384	gh19_s6_scn56.raw	24576	-
vco_b_sawmix_88200_880_m0	vco_b_sawmix	-	88200.000000	880.000000	b	0.5	0	0	-	879.2724609375	3.5918367346938775	0.49999999999979394	dry_b	none	8192	16384	gh19_s6_scn57.raw	24576	-
vco_b_sawmix_96000_220_m0	vco_b_sawmix	-	96000.000000	220.000000	b	0.5	0	0	-	218.75	0.82499999999999996	0.49999999999914913	dry_b	none	8192	16384	gh19_s6_scn58.raw	24576	-
vco_b_sawmix_96000_440_m0	vco_b_sawmix	-	96000.000000	440.000000	b	0.5	0	0	-	439.453125	1.6499999999999999	0.49999999999977618	dry_b	none	8192	16384	gh19_s6_scn59.raw	24576	-
vco_b_sawmix_96000_880_m0	vco_b_sawmix	-	96000.000000	880.000000	b	0.5	0	0	-	878.90625	3.2999999999999998	0.4999999999999396	dry_b	none	8192	16384	gh19_s6_scn60.raw	24576	-
vco_b_sawmix_44100_220_m6250	vco_b_sawmix	-	44100.000000	220.000000	b	0.5	0.0625	0	-	219.818115234375	1.7959183673469388	0.24999999999994849	dry_b	none	8192	16384	gh19_s6_scn61.raw	24576	-
vco_b_sawmix_44100_440_m6250	vco_b_sawmix	-	44100.000000	440.000000	b	0.5	0.0625	0	-	439.63623046875	3.5918367346938775	0.24999999999989697	dry_b	none	8192	16384	gh19_s6_scn62.raw	24576	-
vco_b_sawmix_44100_880_m6250	vco_b_sawmix	-	44100.000000	880.000000	b	0.5	0.0625	0	-	879.2724609375	7.1836734693877551	0.24999999999979394	dry_b	none	8192	16384	gh19_s6_scn63.raw	24576	-
vco_b_sawmix_48000_220_m6250	vco_b_sawmix	-	48000.000000	220.000000	b	0.5	0.0625	0	-	219.7265625	1.6499999999999999	0.24999999999988809	dry_b	none	8192	16384	gh19_s6_scn64.raw	24576	-
vco_b_sawmix_48000_440_m6250	vco_b_sawmix	-	48000.000000	440.000000	b	0.5	0.0625	0	-	439.453125	3.2999999999999998	0.2499999999999698	dry_b	none	8192	16384	gh19_s6_scn65.raw	24576	-
vco_b_sawmix_48000_880_m6250	vco_b_sawmix	-	48000.000000	880.000000	b	0.5	0.0625	0	-	879.8828125	6.5999999999999996	0.24999999999997602	dry_b	none	8192	16384	gh19_s6_scn66.raw	24576	-
vco_b_sawmix_88200_220_m6250	vco_b_sawmix	-	88200.000000	220.000000	b	0.5	0.0625	0	-	218.9208984375	0.89795918367346939	0.24999999999997424	dry_b	none	8192	16384	gh19_s6_scn67.raw	24576	-
vco_b_sawmix_88200_440_m6250	vco_b_sawmix	-	88200.000000	440.000000	b	0.5	0.0625	0	-	439.63623046875	1.7959183673469388	0.24999999999994849	dry_b	none	8192	16384	gh19_s6_scn68.raw	24576	-
vco_b_sawmix_88200_880_m6250	vco_b_sawmix	-	88200.000000	880.000000	b	0.5	0.0625	0	-	879.2724609375	3.5918367346938775	0.24999999999989697	dry_b	none	8192	16384	gh19_s6_scn69.raw	24576	-
vco_b_sawmix_96000_220_m6250	vco_b_sawmix	-	96000.000000	220.000000	b	0.5	0.0625	0	-	218.75	0.82499999999999996	0.24999999999957456	dry_b	none	8192	16384	gh19_s6_scn70.raw	24576	-
vco_b_sawmix_96000_440_m6250	vco_b_sawmix	-	96000.000000	440.000000	b	0.5	0.0625	0	-	439.453125	1.6499999999999999	0.24999999999988809	dry_b	none	8192	16384	gh19_s6_scn71.raw	24576	-
vco_b_sawmix_96000_880_m6250	vco_b_sawmix	-	96000.000000	880.000000	b	0.5	0.0625	0	-	878.90625	3.2999999999999998	0.2499999999999698	dry_b	none	8192	16384	gh19_s6_scn72.raw	24576	-
vco_b_sawmix_44100_220_m18750	vco_b_sawmix	-	44100.000000	220.000000	b	0.5	0.1875	0	-	219.818115234375	1.7959183673469388	0.24999999999994849	dry_b	none	8192	16384	gh19_s6_scn73.raw	24576	-
vco_b_sawmix_44100_440_m18750	vco_b_sawmix	-	44100.000000	440.000000	b	0.5	0.1875	0	-	439.63623046875	3.5918367346938775	0.24999999999989697	dry_b	none	8192	16384	gh19_s6_scn74.raw	24576	-
vco_b_sawmix_44100_880_m18750	vco_b_sawmix	-	44100.000000	880.000000	b	0.5	0.1875	0	-	879.2724609375	7.1836734693877551	0.24999999999979394	dry_b	none	8192	16384	gh19_s6_scn75.raw	24576	-
vco_b_sawmix_48000_220_m18750	vco_b_sawmix	-	48000.000000	220.000000	b	0.5	0.1875	0	-	219.7265625	1.6499999999999999	0.24999999999988809	dry_b	none	8192	16384	gh19_s6_scn76.raw	24576	-
vco_b_sawmix_48000_440_m18750	vco_b_sawmix	-	48000.000000	440.000000	b	0.5	0.1875	0	-	439.453125	3.2999999999999998	0.2499999999999698	dry_b	none	8192	16384	gh19_s6_scn77.raw	24576	-
vco_b_sawmix_48000_880_m18750	vco_b_sawmix	-	48000.000000	880.000000	b	0.5	0.1875	0	-	879.8828125	6.5999999999999996	0.24999999999997602	dry_b	none	8192	16384	gh19_s6_scn78.raw	24576	-
vco_b_sawmix_88200_220_m18750	vco_b_sawmix	-	88200.000000	220.000000	b	0.5	0.1875	0	-	218.9208984375	0.89795918367346939	0.24999999999997424	dry_b	none	8192	16384	gh19_s6_scn79.raw	24576	-
vco_b_sawmix_88200_440_m18750	vco_b_sawmix	-	88200.000000	440.000000	b	0.5	0.1875	0	-	439.63623046875	1.7959183673469388	0.24999999999994849	dry_b	none	8192	16384	gh19_s6_scn80.raw	24576	-
vco_b_sawmix_88200_880_m18750	vco_b_sawmix	-	88200.000000	880.000000	b	0.5	0.1875	0	-	879.2724609375	3.5918367346938775	0.24999999999989697	dry_b	none	8192	16384	gh19_s6_scn81.raw	24576	-
vco_b_sawmix_96000_220_m18750	vco_b_sawmix	-	96000.000000	220.000000	b	0.5	0.1875	0	-	218.75	0.82499999999999996	0.24999999999957456	dry_b	none	8192	16384	gh19_s6_scn82.raw	24576	-
vco_b_sawmix_96000_440_m18750	vco_b_sawmix	-	96000.000000	440.000000	b	0.5	0.1875	0	-	439.453125	1.6499999999999999	0.24999999999988809	dry_b	none	8192	16384	gh19_s6_scn83.raw	24576	-
vco_b_sawmix_96000_880_m18750	vco_b_sawmix	-	96000.000000	880.000000	b	0.5	0.1875	0	-	878.90625	3.2999999999999998	0.2499999999999698	dry_b	none	8192	16384	gh19_s6_scn84.raw	24576	-
vco_b_sawmix_44100_220_m25000	vco_b_sawmix	-	44100.000000	220.000000	b	0.5	0.25	0	-	219.818115234375	1.7959183673469388	0.49999999999989697	dry_b	none	8192	16384	gh19_s6_scn85.raw	24576	-
vco_b_sawmix_44100_440_m25000	vco_b_sawmix	-	44100.000000	440.000000	b	0.5	0.25	0	-	439.63623046875	3.5918367346938775	0.49999999999979394	dry_b	none	8192	16384	gh19_s6_scn86.raw	24576	-
vco_b_sawmix_44100_880_m25000	vco_b_sawmix	-	44100.000000	880.000000	b	0.5	0.25	0	-	879.2724609375	7.1836734693877551	0.49999999999958789	dry_b	none	8192	16384	gh19_s6_scn87.raw	24576	-
vco_b_sawmix_48000_220_m25000	vco_b_sawmix	-	48000.000000	220.000000	b	0.5	0.25	0	-	219.7265625	1.6499999999999999	0.49999999999977618	dry_b	none	8192	16384	gh19_s6_scn88.raw	24576	-
vco_b_sawmix_48000_440_m25000	vco_b_sawmix	-	48000.000000	440.000000	b	0.5	0.25	0	-	439.453125	3.2999999999999998	0.4999999999999396	dry_b	none	8192	16384	gh19_s6_scn89.raw	24576	-
vco_b_sawmix_48000_880_m25000	vco_b_sawmix	-	48000.000000	880.000000	b	0.5	0.25	0	-	879.8828125	6.5999999999999996	0.49999999999995204	dry_b	none	8192	16384	gh19_s6_scn90.raw	24576	-
vco_b_sawmix_88200_220_m25000	vco_b_sawmix	-	88200.000000	220.000000	b	0.5	0.25	0	-	218.9208984375	0.89795918367346939	0.49999999999994849	dry_b	none	8192	16384	gh19_s6_scn91.raw	24576	-
vco_b_sawmix_88200_440_m25000	vco_b_sawmix	-	88200.000000	440.000000	b	0.5	0.25	0	-	439.63623046875	1.7959183673469388	0.49999999999989697	dry_b	none	8192	16384	gh19_s6_scn92.raw	24576	-
vco_b_sawmix_88200_880_m25000	vco_b_sawmix	-	88200.000000	880.000000	b	0.5	0.25	0	-	879.2724609375	3.5918367346938775	0.49999999999979394	dry_b	none	8192	16384	gh19_s6_scn93.raw	24576	-
vco_b_sawmix_96000_220_m25000	vco_b_sawmix	-	96000.000000	220.000000	b	0.5	0.25	0	-	218.75	0.82499999999999996	0.49999999999914913	dry_b	none	8192	16384	gh19_s6_scn94.raw	24576	-
vco_b_sawmix_96000_440_m25000	vco_b_sawmix	-	96000.000000	440.000000	b	0.5	0.25	0	-	439.453125	1.6499999999999999	0.49999999999977618	dry_b	none	8192	16384	gh19_s6_scn95.raw	24576	-
vco_b_sawmix_96000_880_m25000	vco_b_sawmix	-	96000.000000	880.000000	b	0.5	0.25	0	-	878.90625	3.2999999999999998	0.4999999999999396	dry_b	none	8192	16384	gh19_s6_scn96.raw	24576	-
vco_a_sawmix_44100_440_m31250	vco_a_sawmix	-	44100.000000	440.000000	a	0.5	0.3125	0	-	439.63623046875	3.5918367346938775	0.37613019012535148	dry_a	none	8192	16384	gh19_s6_scn97.raw	24576	-
vco_a_sawmix_48000_440_m31250	vco_a_sawmix	-	48000.000000	440.000000	a	0.5	0.3125	0	-	439.453125	3.2999999999999998	0.37613009903203576	dry_a	none	8192	16384	gh19_s6_scn98.raw	24576	-
vco_a_sawmix_88200_440_m31250	vco_a_sawmix	-	88200.000000	440.000000	a	0.5	0.3125	0	-	439.63623046875	1.7959183673469388	0.37613019012534715	dry_a	none	8192	16384	gh19_s6_scn99.raw	24576	-
vco_a_sawmix_96000_440_m31250	vco_a_sawmix	-	96000.000000	440.000000	a	0.5	0.3125	0	-	439.453125	1.6499999999999999	0.37613019687194787	dry_a	none	8192	16384	gh19_s6_scn100.raw	24576	-
vco_a_sawmix_44100_440_m37500	vco_a_sawmix	-	44100.000000	440.000000	a	0.5	0.375	0	-	439.63623046875	3.5918367346938775	0.38777530972963514	dry_a	none	8192	16384	gh19_s6_scn101.raw	24576	-
vco_a_sawmix_48000_440_m37500	vco_a_sawmix	-	48000.000000	440.000000	a	0.5	0.375	0	-	439.453125	3.2999999999999998	0.38777543583577556	dry_a	none	8192	16384	gh19_s6_scn102.raw	24576	-
vco_a_sawmix_88200_440_m37500	vco_a_sawmix	-	88200.000000	440.000000	a	0.5	0.375	0	-	439.63623046875	1.7959183673469388	0.38777530972958407	dry_a	none	8192	16384	gh19_s6_scn103.raw	24576	-
vco_a_sawmix_96000_440_m37500	vco_a_sawmix	-	96000.000000	440.000000	a	0.5	0.375	0	-	439.453125	1.6499999999999999	0.38777543583575075	dry_a	none	8192	16384	gh19_s6_scn104.raw	24576	-
vco_a_sawmix_44100_440_m43750	vco_a_sawmix	-	44100.000000	440.000000	a	0.5	0.4375	0	-	439.63623046875	3.5918367346938775	0.4396128403289436	dry_a	none	8192	16384	gh19_s6_scn105.raw	24576	-
vco_a_sawmix_48000_440_m43750	vco_a_sawmix	-	48000.000000	440.000000	a	0.5	0.4375	0	-	439.453125	3.2999999999999998	0.43961237742993392	dry_a	none	8192	16384	gh19_s6_scn106.raw	24576	-
vco_a_sawmix_88200_440_m43750	vco_a_sawmix	-	88200.000000	440.000000	a	0.5	0.4375	0	-	439.63623046875	1.7959183673469388	0.43961284032893333	dry_a	none	8192	16384	gh19_s6_scn107.raw	24576	-
vco_a_sawmix_96000_440_m43750	vco_a_sawmix	-	96000.000000	440.000000	a	0.5	0.4375	0	-	439.453125	1.6499999999999999	0.43961264557080426	dry_a	none	8192	16384	gh19_s6_scn108.raw	24576	-
vco_b_sawmix_44100_440_m31250	vco_b_sawmix	-	44100.000000	440.000000	b	0.5	0.3125	0	-	439.63623046875	3.5918367346938775	0.37613019012535148	dry_b	none	8192	16384	gh19_s6_scn109.raw	24576	-
vco_b_sawmix_48000_440_m31250	vco_b_sawmix	-	48000.000000	440.000000	b	0.5	0.3125	0	-	439.453125	3.2999999999999998	0.37613009903203576	dry_b	none	8192	16384	gh19_s6_scn110.raw	24576	-
vco_b_sawmix_88200_440_m31250	vco_b_sawmix	-	88200.000000	440.000000	b	0.5	0.3125	0	-	439.63623046875	1.7959183673469388	0.37613019012534715	dry_b	none	8192	16384	gh19_s6_scn111.raw	24576	-
vco_b_sawmix_96000_440_m31250	vco_b_sawmix	-	96000.000000	440.000000	b	0.5	0.3125	0	-	439.453125	1.6499999999999999	0.37613019687194787	dry_b	none	8192	16384	gh19_s6_scn112.raw	24576	-
vco_b_sawmix_44100_440_m37500	vco_b_sawmix	-	44100.000000	440.000000	b	0.5	0.375	0	-	439.63623046875	3.5918367346938775	0.38777530972963514	dry_b	none	8192	16384	gh19_s6_scn113.raw	24576	-
vco_b_sawmix_48000_440_m37500	vco_b_sawmix	-	48000.000000	440.000000	b	0.5	0.375	0	-	439.453125	3.2999999999999998	0.38777543583577556	dry_b	none	8192	16384	gh19_s6_scn114.raw	24576	-
vco_b_sawmix_88200_440_m37500	vco_b_sawmix	-	88200.000000	440.000000	b	0.5	0.375	0	-	439.63623046875	1.7959183673469388	0.38777530972958407	dry_b	none	8192	16384	gh19_s6_scn115.raw	24576	-
vco_b_sawmix_96000_440_m37500	vco_b_sawmix	-	96000.000000	440.000000	b	0.5	0.375	0	-	439.453125	1.6499999999999999	0.38777543583575075	dry_b	none	8192	16384	gh19_s6_scn116.raw	24576	-
vco_b_sawmix_44100_440_m43750	vco_b_sawmix	-	44100.000000	440.000000	b	0.5	0.4375	0	-	439.63623046875	3.5918367346938775	0.4396128403289436	dry_b	none	8192	16384	gh19_s6_scn117.raw	24576	-
vco_b_sawmix_48000_440_m43750	vco_b_sawmix	-	48000.000000	440.000000	b	0.5	0.4375	0	-	439.453125	3.2999999999999998	0.43961237742993392	dry_b	none	8192	16384	gh19_s6_scn118.raw	24576	-
vco_b_sawmix_88200_440_m43750	vco_b_sawmix	-	88200.000000	440.000000	b	0.5	0.4375	0	-	439.63623046875	1.7959183673469388	0.43961284032893333	dry_b	none	8192	16384	gh19_s6_scn119.raw	24576	-
vco_b_sawmix_96000_440_m43750	vco_b_sawmix	-	96000.000000	440.000000	b	0.5	0.4375	0	-	439.453125	1.6499999999999999	0.43961264557080426	dry_b	none	8192	16384	gh19_s6_scn120.raw	24576	-
vco_a_sawmix_44100_440_m12500	vco_a_sawmix	-	44100.000000	440.000000	a	0.5	0.125	0	-	0	3.5918367346938775	0	dry_a	none	8192	16384	gh19_s6_scn121.raw	24576	-
vco_a_sawmix_48000_440_m12500	vco_a_sawmix	-	48000.000000	440.000000	a	0.5	0.125	0	-	0	3.2999999999999998	0	dry_a	none	8192	16384	gh19_s6_scn122.raw	24576	-
vco_a_sawmix_88200_440_m12500	vco_a_sawmix	-	88200.000000	440.000000	a	0.5	0.125	0	-	0	1.7959183673469388	0	dry_a	none	8192	16384	gh19_s6_scn123.raw	24576	-
vco_a_sawmix_96000_440_m12500	vco_a_sawmix	-	96000.000000	440.000000	a	0.5	0.125	0	-	0	1.6499999999999999	0	dry_a	none	8192	16384	gh19_s6_scn124.raw	24576	-
vco_a_sawmix_44100_440_m50000	vco_a_sawmix	-	44100.000000	440.000000	a	0.5	0.5	0	-	439.63623046875	3.5918367346938775	0.49999987312909427	dry_a	none	8192	16384	gh19_s6_scn125.raw	24576	-
vco_a_sawmix_48000_440_m50000	vco_a_sawmix	-	48000.000000	440.000000	a	0.5	0.5	0	-	439.453125	3.2999999999999998	0.5	dry_a	none	8192	16384	gh19_s6_scn126.raw	24576	-
vco_a_sawmix_88200_440_m50000	vco_a_sawmix	-	88200.000000	440.000000	a	0.5	0.5	0	-	439.63623046875	1.7959183673469388	0.4999998731290099	dry_a	none	8192	16384	gh19_s6_scn127.raw	24576	-
vco_a_sawmix_96000_440_m50000	vco_a_sawmix	-	96000.000000	440.000000	a	0.5	0.5	0	-	439.453125	1.6499999999999999	0.5	dry_a	none	8192	16384	gh19_s6_scn128.raw	24576	-
vco_b_sawmix_44100_440_m12500	vco_b_sawmix	-	44100.000000	440.000000	b	0.5	0.125	0	-	0	3.5918367346938775	0	dry_b	none	8192	16384	gh19_s6_scn129.raw	24576	-
vco_b_sawmix_48000_440_m12500	vco_b_sawmix	-	48000.000000	440.000000	b	0.5	0.125	0	-	0	3.2999999999999998	0	dry_b	none	8192	16384	gh19_s6_scn130.raw	24576	-
vco_b_sawmix_88200_440_m12500	vco_b_sawmix	-	88200.000000	440.000000	b	0.5	0.125	0	-	0	1.7959183673469388	0	dry_b	none	8192	16384	gh19_s6_scn131.raw	24576	-
vco_b_sawmix_96000_440_m12500	vco_b_sawmix	-	96000.000000	440.000000	b	0.5	0.125	0	-	0	1.6499999999999999	0	dry_b	none	8192	16384	gh19_s6_scn132.raw	24576	-
vco_b_sawmix_44100_440_m50000	vco_b_sawmix	-	44100.000000	440.000000	b	0.5	0.5	0	-	439.63623046875	3.5918367346938775	0.49999987312909427	dry_b	none	8192	16384	gh19_s6_scn133.raw	24576	-
vco_b_sawmix_48000_440_m50000	vco_b_sawmix	-	48000.000000	440.000000	b	0.5	0.5	0	-	439.453125	3.2999999999999998	0.5	dry_b	none	8192	16384	gh19_s6_scn134.raw	24576	-
vco_b_sawmix_88200_440_m50000	vco_b_sawmix	-	88200.000000	440.000000	b	0.5	0.5	0	-	439.63623046875	1.7959183673469388	0.4999998731290099	dry_b	none	8192	16384	gh19_s6_scn135.raw	24576	-
vco_b_sawmix_96000_440_m50000	vco_b_sawmix	-	96000.000000	440.000000	b	0.5	0.5	0	-	439.453125	1.6499999999999999	0.5	dry_b	none	8192	16384	gh19_s6_scn136.raw	24576	-
vco_a_sawmixhi_44100_3520_m0	vco_a_sawmixhi	-	44100.000000	3520.000000	a	0.5	0	0	-	3519.781494140625	28.73469387755102	0.49999999999835154	dry_a	none	8192	16384	gh19_s6_scn137.raw	24576	-
vco_a_sawmixhi_44100_5000_m0	vco_a_sawmixhi	-	44100.000000	5000.000000	a	0.5	0	0	-	4999.2919921875	40.816326530612244	0.49999999999965183	dry_a	none	8192	16384	gh19_s6_scn138.raw	24576	-
vco_a_sawmixhi_96000_3520_m0	vco_a_sawmixhi	-	96000.000000	3520.000000	a	0.5	0	0	-	3519.53125	13.199999999999999	0.49999999999992717	dry_a	none	8192	16384	gh19_s6_scn139.raw	24576	-
vco_a_sawmixhi_96000_5000_m0	vco_a_sawmixhi	-	96000.000000	5000.000000	a	0.5	0	0	-	4998.046875	18.75	0.49999999999999911	dry_a	none	8192	16384	gh19_s6_scn140.raw	24576	-
vco_a_sawmixhi_44100_3520_m6250	vco_a_sawmixhi	-	44100.000000	3520.000000	a	0.5	0.0625	0	-	3519.781494140625	28.73469387755102	0.24999999999917577	dry_a	none	8192	16384	gh19_s6_scn141.raw	24576	-
vco_a_sawmixhi_44100_5000_m6250	vco_a_sawmixhi	-	44100.000000	5000.000000	a	0.5	0.0625	0	-	4999.2919921875	40.816326530612244	0.24999999999982592	dry_a	none	8192	16384	gh19_s6_scn142.raw	24576	-
vco_a_sawmixhi_96000_3520_m6250	vco_a_sawmixhi	-	96000.000000	3520.000000	a	0.5	0.0625	0	-	3519.53125	13.199999999999999	0.24999999999996358	dry_a	none	8192	16384	gh19_s6_scn143.raw	24576	-
vco_a_sawmixhi_96000_5000_m6250	vco_a_sawmixhi	-	96000.000000	5000.000000	a	0.5	0.0625	0	-	4998.046875	18.75	0.24999999999999956	dry_a	none	8192	16384	gh19_s6_scn144.raw	24576	-
vco_a_sawmixhi_44100_3520_m25000	vco_a_sawmixhi	-	44100.000000	3520.000000	a	0.5	0.25	0	-	3519.781494140625	28.73469387755102	0.49999999999835154	dry_a	none	8192	16384	gh19_s6_scn145.raw	24576	-
vco_a_sawmixhi_44100_5000_m25000	vco_a_sawmixhi	-	44100.000000	5000.000000	a	0.5	0.25	0	-	4999.2919921875	40.816326530612244	0.49999999999965183	dry_a	none	8192	16384	gh19_s6_scn146.raw	24576	-
vco_a_sawmixhi_96000_3520_m25000	vco_a_sawmixhi	-	96000.000000	3520.000000	a	0.5	0.25	0	-	3519.53125	13.199999999999999	0.49999999999992717	dry_a	none	8192	16384	gh19_s6_scn147.raw	24576	-
vco_a_sawmixhi_96000_5000_m25000	vco_a_sawmixhi	-	96000.000000	5000.000000	a	0.5	0.25	0	-	4998.046875	18.75	0.49999999999999911	dry_a	none	8192	16384	gh19_s6_scn148.raw	24576	-
vco_a_sawmixhi_44100_3520_m31250	vco_a_sawmixhi	-	44100.000000	3520.000000	a	0.5	0.3125	0	-	3519.781494140625	28.73469387755102	0.37613019012543469	dry_a	none	8192	16384	gh19_s6_scn149.raw	24576	-
vco_a_sawmixhi_44100_5000_m31250	vco_a_sawmixhi	-	44100.000000	5000.000000	a	0.5	0.3125	0	-	4999.2919921875	40.816326530612244	0.37613011108736455	dry_a	none	8192	16384	gh19_s6_scn150.raw	24576	-
vco_a_sawmixhi_96000_3520_m31250	vco_a_sawmixhi	-	96000.000000	3520.000000	a	0.5	0.3125	0	-	3519.53125	13.199999999999999	0.37612897461844536	dry_a	none	8192	16384	gh19_s6_scn151.raw	24576	-
vco_a_sawmixhi_96000_5000_m31250	vco_a_sawmixhi	-	96000.000000	5000.000000	a	0.5	0.3125	0	-	4998.046875	18.75	0.37611743316475854	dry_a	none	8192	16384	gh19_s6_scn152.raw	24576	-
vco_b_sawmixhi_44100_3520_m0	vco_b_sawmixhi	-	44100.000000	3520.000000	b	0.5	0	0	-	3519.781494140625	28.73469387755102	0.49999999999835154	dry_b	none	8192	16384	gh19_s6_scn153.raw	24576	-
vco_b_sawmixhi_44100_5000_m0	vco_b_sawmixhi	-	44100.000000	5000.000000	b	0.5	0	0	-	4999.2919921875	40.816326530612244	0.49999999999965183	dry_b	none	8192	16384	gh19_s6_scn154.raw	24576	-
vco_b_sawmixhi_96000_3520_m0	vco_b_sawmixhi	-	96000.000000	3520.000000	b	0.5	0	0	-	3519.53125	13.199999999999999	0.49999999999992717	dry_b	none	8192	16384	gh19_s6_scn155.raw	24576	-
vco_b_sawmixhi_96000_5000_m0	vco_b_sawmixhi	-	96000.000000	5000.000000	b	0.5	0	0	-	4998.046875	18.75	0.49999999999999911	dry_b	none	8192	16384	gh19_s6_scn156.raw	24576	-
vco_b_sawmixhi_44100_3520_m6250	vco_b_sawmixhi	-	44100.000000	3520.000000	b	0.5	0.0625	0	-	3519.781494140625	28.73469387755102	0.24999999999917577	dry_b	none	8192	16384	gh19_s6_scn157.raw	24576	-
vco_b_sawmixhi_44100_5000_m6250	vco_b_sawmixhi	-	44100.000000	5000.000000	b	0.5	0.0625	0	-	4999.2919921875	40.816326530612244	0.24999999999982592	dry_b	none	8192	16384	gh19_s6_scn158.raw	24576	-
vco_b_sawmixhi_96000_3520_m6250	vco_b_sawmixhi	-	96000.000000	3520.000000	b	0.5	0.0625	0	-	3519.53125	13.199999999999999	0.24999999999996358	dry_b	none	8192	16384	gh19_s6_scn159.raw	24576	-
vco_b_sawmixhi_96000_5000_m6250	vco_b_sawmixhi	-	96000.000000	5000.000000	b	0.5	0.0625	0	-	4998.046875	18.75	0.24999999999999956	dry_b	none	8192	16384	gh19_s6_scn160.raw	24576	-
vco_b_sawmixhi_44100_3520_m25000	vco_b_sawmixhi	-	44100.000000	3520.000000	b	0.5	0.25	0	-	3519.781494140625	28.73469387755102	0.49999999999835154	dry_b	none	8192	16384	gh19_s6_scn161.raw	24576	-
vco_b_sawmixhi_44100_5000_m25000	vco_b_sawmixhi	-	44100.000000	5000.000000	b	0.5	0.25	0	-	4999.2919921875	40.816326530612244	0.49999999999965183	dry_b	none	8192	16384	gh19_s6_scn162.raw	24576	-
vco_b_sawmixhi_96000_3520_m25000	vco_b_sawmixhi	-	96000.000000	3520.000000	b	0.5	0.25	0	-	3519.53125	13.199999999999999	0.49999999999992717	dry_b	none	8192	16384	gh19_s6_scn163.raw	24576	-
vco_b_sawmixhi_96000_5000_m25000	vco_b_sawmixhi	-	96000.000000	5000.000000	b	0.5	0.25	0	-	4998.046875	18.75	0.49999999999999911	dry_b	none	8192	16384	gh19_s6_scn164.raw	24576	-
vco_b_sawmixhi_44100_3520_m31250	vco_b_sawmixhi	-	44100.000000	3520.000000	b	0.5	0.3125	0	-	3519.781494140625	28.73469387755102	0.37613019012543469	dry_b	none	8192	16384	gh19_s6_scn165.raw	24576	-
vco_b_sawmixhi_44100_5000_m31250	vco_b_sawmixhi	-	44100.000000	5000.000000	b	0.5	0.3125	0	-	4999.2919921875	40.816326530612244	0.37613011108736455	dry_b	none	8192	16384	gh19_s6_scn166.raw	24576	-
vco_b_sawmixhi_96000_3520_m31250	vco_b_sawmixhi	-	96000.000000	3520.000000	b	0.5	0.3125	0	-	3519.53125	13.199999999999999	0.37612897461844536	dry_b	none	8192	16384	gh19_s6_scn167.raw	24576	-
vco_b_sawmixhi_96000_5000_m31250	vco_b_sawmixhi	-	96000.000000	5000.000000	b	0.5	0.3125	0	-	4998.046875	18.75	0.37611743316475854	dry_b	none	8192	16384	gh19_s6_scn168.raw	24576	-
