id	kind	sr	f0	duty_or_u	res_base_db	res_cand_db	dres_db	res1k5k_base_db	res1k5k_cand_db	dres1k5k_db	reseffbd_base_db	reseffbd_cand_db	dreseffbd_db	dfloor_db	dharm_db	dA	dfund	ddc	refconv_base_db	refconv_cand_db	drefconv_db	res1k5k2L_base_db	res1k5k2L_cand_db	dres1k5k2L_db	reseffbd2L_base_db	reseffbd2L_cand_db	dreseffbd2L_db
vco_a_pulse_44100_220_pw10	static	44100	220	0.100	-23.88	-31.43	-7.55	-26.73	-46.90	-20.17	-23.89	-31.42	-7.53	-8.42	+19.63	-0.00150	+0.00000	-0.00001	-	-	-	-	-	-	-	-	-
vco_a_pulse_44100_220_pw50	static	44100	220	0.500	-23.89	-31.41	-7.52	-31.12	-48.44	-17.32	-23.89	-31.42	-7.53	-8.47	+19.64	-0.00150	+0.00000	+0.00004	-	-	-	-	-	-	-	-	-
vco_a_pulse_44100_220_pw90	static	44100	220	0.900	-23.87	-31.43	-7.56	-26.72	-46.90	-20.18	-23.89	-31.42	-7.53	-8.42	+19.63	-0.00150	-0.00010	+0.00001	-	-	-	-	-	-	-	-	-
vco_a_pulse_44100_440_pw10	static	44100	440	0.100	-20.88	-28.44	-7.56	-23.68	-45.67	-21.99	-20.88	-28.45	-7.57	-8.41	+25.64	-0.00300	-0.00010	-0.00001	-	-	-	-	-	-	-	-	-
vco_a_pulse_44100_440_pw50	static	44100	440	0.500	-20.88	-28.43	-7.55	-27.93	-43.73	-15.80	-20.87	-28.42	-7.55	-8.45	+25.64	-0.00300	-0.00030	+0.00002	-	-	-	-	-	-	-	-	-
vco_a_pulse_44100_440_pw90	static	44100	440	0.900	-20.88	-28.45	-7.57	-23.67	-45.67	-22.00	-20.88	-28.45	-7.57	-8.41	+25.64	-0.00300	-0.00010	+0.00001	-	-	-	-	-	-	-	-	-
vco_a_pulse_44100_880_pw10	static	44100	880	0.100	-17.98	-25.14	-7.16	-19.37	-39.74	-20.37	-17.97	-25.14	-7.17	-8.75	+31.57	-0.00630	-0.00020	-0.00002	-	-	-	-	-	-	-	-	-
vco_a_pulse_44100_880_pw50	static	44100	880	0.500	-18.02	-25.25	-7.23	-24.67	-38.98	-14.31	-18.01	-25.24	-7.23	-9.75	+31.67	-0.00630	-0.00090	-0.00004	-	-	-	-	-	-	-	-	-
vco_a_pulse_44100_880_pw90	static	44100	880	0.900	-17.98	-25.14	-7.16	-19.37	-39.74	-20.37	-17.97	-25.14	-7.17	-8.75	+31.57	-0.00630	-0.00030	+0.00002	-	-	-	-	-	-	-	-	-
vco_a_pulse_48000_220_pw10	static	48000	220	0.100	-24.19	-31.70	-7.51	-27.31	-48.22	-20.91	-24.26	-31.74	-7.48	-8.73	+16.47	-0.00140	+0.00000	+0.00003	-	-	-	-	-	-	-	-	-
vco_a_pulse_48000_220_pw50	static	48000	220	0.500	-24.22	-31.72	-7.50	-31.88	-49.50	-17.62	-24.26	-31.74	-7.48	-8.78	+16.46	-0.00140	+0.00000	+0.00005	-	-	-	-	-	-	-	-	-
vco_a_pulse_48000_220_pw90	static	48000	220	0.900	-24.25	-31.74	-7.49	-27.31	-48.22	-20.91	-24.26	-31.74	-7.48	-8.73	+16.48	-0.00140	+0.00000	-0.00003	-	-	-	-	-	-	-	-	-
vco_a_pulse_48000_440_pw10	static	48000	440	0.100	-21.08	-28.76	-7.68	-24.21	-46.82	-22.61	-21.15	-28.80	-7.65	-7.90	+16.80	-0.00270	+0.00000	+0.00004	-	-	-	-	-	-	-	-	-
vco_a_pulse_48000_440_pw50	static	48000	440	0.500	-21.17	-28.83	-7.66	-29.00	-44.77	-15.77	-21.16	-28.82	-7.66	-8.13	+16.89	-0.00270	-0.00020	+0.00007	-	-	-	-	-	-	-	-	-
vco_a_pulse_48000_440_pw90	static	48000	440	0.900	-21.13	-28.79	-7.66	-24.21	-46.83	-22.62	-21.15	-28.80	-7.65	-7.90	+16.82	-0.00270	+0.00000	-0.00003	-	-	-	-	-	-	-	-	-
vco_a_pulse_48000_880_pw10	static	48000	880	0.100	-18.45	-25.46	-7.01	-20.71	-40.98	-20.27	-18.45	-25.45	-7.00	-10.32	+16.61	-0.00580	-0.00010	+0.00003	-	-	-	-	-	-	-	-	-
vco_a_pulse_48000_880_pw50	static	48000	880	0.500	-18.27	-25.66	-7.39	-25.53	-39.84	-14.31	-18.27	-25.66	-7.39	-9.30	+16.87	-0.00570	-0.00070	-0.00010	-	-	-	-	-	-	-	-	-
vco_a_pulse_48000_880_pw90	static	48000	880	0.900	-18.44	-25.46	-7.02	-20.71	-40.98	-20.27	-18.45	-25.45	-7.00	-10.32	+16.63	-0.00580	-0.00010	-0.00003	-	-	-	-	-	-	-	-	-
vco_a_pulse_88200_220_pw10	static	88200	220	0.100	-26.71	-34.34	-7.63	-32.71	-56.51	-23.80	-26.86	-34.42	-7.56	-8.77	+11.76	-0.00080	+0.00000	-0.00001	-	-	-	-	-	-	-	-	-
vco_a_pulse_88200_220_pw50	static	88200	220	0.500	-26.85	-34.43	-7.58	-37.21	-56.36	-19.15	-26.87	-34.42	-7.55	-8.77	+11.65	-0.00080	+0.00000	-0.00010	-	-	-	-	-	-	-	-	-
vco_a_pulse_88200_220_pw90	static	88200	220	0.900	-26.85	-34.43	-7.58	-32.72	-56.54	-23.82	-26.87	-34.42	-7.55	-8.73	+11.57	-0.00080	-0.00010	+0.00001	-	-	-	-	-	-	-	-	-
vco_a_pulse_88200_440_pw10	static	88200	440	0.100	-23.88	-31.43	-7.55	-29.68	-52.72	-23.04	-23.89	-31.42	-7.53	-8.42	+19.63	-0.00150	+0.00000	-0.00001	-	-	-	-	-	-	-	-	-
vco_a_pulse_88200_440_pw50	static	88200	440	0.500	-23.89	-31.41	-7.52	-34.25	-50.84	-16.59	-23.89	-31.42	-7.53	-8.47	+19.64	-0.00150	+0.00000	+0.00004	-	-	-	-	-	-	-	-	-
vco_a_pulse_88200_440_pw90	static	88200	440	0.900	-23.87	-31.43	-7.56	-29.67	-52.72	-23.05	-23.89	-31.42	-7.53	-8.42	+19.63	-0.00150	-0.00010	+0.00001	-	-	-	-	-	-	-	-	-
vco_a_pulse_88200_880_pw10	static	88200	880	0.100	-20.88	-28.44	-7.56	-25.42	-47.63	-22.21	-20.88	-28.45	-7.57	-8.41	+25.64	-0.00300	-0.00010	-0.00001	-	-	-	-	-	-	-	-	-
vco_a_pulse_88200_880_pw50	static	88200	880	0.500	-20.88	-28.43	-7.55	-30.78	-45.27	-14.49	-20.87	-28.42	-7.55	-8.45	+25.64	-0.00300	-0.00030	+0.00002	-	-	-	-	-	-	-	-	-
vco_a_pulse_88200_880_pw90	static	88200	880	0.900	-20.88	-28.45	-7.57	-25.43	-47.63	-22.20	-20.88	-28.45	-7.57	-8.41	+25.64	-0.00300	-0.00010	+0.00001	-	-	-	-	-	-	-	-	-
vco_a_pulse_96000_220_pw10	static	96000	220	0.100	-27.14	-34.68	-7.54	-33.23	-57.37	-24.14	-27.27	-34.75	-7.48	-8.70	+14.63	-0.00070	+0.00000	+0.00001	-	-	-	-	-	-	-	-	-
vco_a_pulse_96000_220_pw50	static	96000	220	0.500	-27.17	-34.75	-7.58	-37.85	-57.19	-19.34	-27.24	-34.78	-7.54	-8.45	+14.34	-0.00070	+0.00000	-0.00001	-	-	-	-	-	-	-	-	-
vco_a_pulse_96000_220_pw90	static	96000	220	0.900	-27.20	-34.70	-7.50	-33.23	-57.38	-24.15	-27.27	-34.75	-7.48	-8.70	+14.67	-0.00070	+0.00000	-0.00001	-	-	-	-	-	-	-	-	-
vco_a_pulse_96000_440_pw10	static	96000	440	0.100	-24.19	-31.70	-7.51	-30.09	-53.29	-23.20	-24.26	-31.74	-7.48	-8.73	+16.47	-0.00140	+0.00000	+0.00003	-	-	-	-	-	-	-	-	-
vco_a_pulse_96000_440_pw50	static	96000	440	0.500	-24.22	-31.72	-7.50	-34.63	-51.55	-16.92	-24.26	-31.74	-7.48	-8.78	+16.46	-0.00140	+0.00000	+0.00005	-	-	-	-	-	-	-	-	-
vco_a_pulse_96000_440_pw90	static	96000	440	0.900	-24.25	-31.74	-7.49	-30.09	-53.31	-23.22	-24.26	-31.74	-7.48	-8.73	+16.48	-0.00140	+0.00000	-0.00003	-	-	-	-	-	-	-	-	-
vco_a_pulse_96000_880_pw10	static	96000	880	0.100	-21.08	-28.76	-7.68	-26.36	-48.32	-21.96	-21.15	-28.80	-7.65	-7.90	+16.80	-0.00270	+0.00000	+0.00004	-	-	-	-	-	-	-	-	-
vco_a_pulse_96000_880_pw50	static	96000	880	0.500	-21.17	-28.83	-7.66	-32.41	-46.04	-13.63	-21.16	-28.82	-7.66	-8.13	+16.89	-0.00270	-0.00020	+0.00007	-	-	-	-	-	-	-	-	-
vco_a_pulse_96000_880_pw90	static	96000	880	0.900	-21.13	-28.79	-7.66	-26.36	-48.35	-21.99	-21.15	-28.80	-7.65	-7.90	+16.82	-0.00270	+0.00000	-0.00003	-	-	-	-	-	-	-	-	-
vco_a_pulsehi_44100_3520_pw10	static	44100	3520	0.100	-12.35	-17.06	-4.71	-8.37	-27.70	-19.33	-12.35	-17.06	-4.71	-9.08	+43.27	-0.02980	-0.00400	+0.00004	-	-	-	-	-	-	-	-	-
vco_a_pulsehi_44100_3520_pw50	static	44100	3520	0.500	-11.44	-19.98	-8.54	-19.36	-30.32	-10.96	-11.44	-19.98	-8.54	-6.76	+43.66	-0.02490	-0.01330	+0.00010	-	-	-	-	-	-	-	-	-
vco_a_pulsehi_44100_5000_pw10	static	44100	5000	0.100	-9.17	-15.86	-6.69	-3.88	-32.21	-28.33	-9.17	-15.85	-6.68	-6.66	+30.99	-0.03210	-0.00770	+0.00023	-	-	-	-	-	-	-	-	-
vco_a_pulsehi_44100_5000_pw50	static	44100	5000	0.500	-9.57	-19.07	-9.50	-13.14	-30.25	-17.11	-9.57	-19.07	-9.50	-5.03	+31.84	-0.03510	-0.02650	+0.00106	-	-	-	-	-	-	-	-	-
vco_a_pulsehi_96000_3520_pw10	static	96000	3520	0.100	-14.60	-23.25	-8.65	-13.75	-35.56	-21.81	-14.60	-23.25	-8.65	-4.98	+16.97	-0.01030	-0.00090	+0.00000	-	-	-	-	-	-	-	-	-
vco_a_pulsehi_96000_3520_pw50	static	96000	3520	0.500	-15.20	-22.73	-7.53	-25.80	-34.33	-8.53	-15.20	-22.73	-7.53	-9.18	+16.85	-0.01150	-0.00280	+0.00003	-	-	-	-	-	-	-	-	-
vco_a_pulsehi_96000_5000_pw10	static	96000	5000	0.100	-13.79	-21.68	-7.89	-21.07	-31.67	-10.60	-13.68	-21.68	-8.00	-10.22	+12.60	-0.01670	-0.00420	-0.00127	-	-	-	-	-	-	-	-	-
vco_a_pulsehi_96000_5000_pw50	static	96000	5000	0.500	-13.44	-21.21	-7.77	-20.99	-31.81	-10.82	-13.44	-21.21	-7.77	-9.30	+9.61	-0.01610	-0.00550	-0.00004	-	-	-	-	-	-	-	-	-
vco_b_pulse_44100_220_pw10	static	44100	220	0.100	-23.88	-31.43	-7.55	-26.73	-46.90	-20.17	-23.89	-31.42	-7.53	-8.42	+19.63	-0.00150	+0.00000	-0.00001	-	-	-	-	-	-	-	-	-
vco_b_pulse_44100_220_pw50	static	44100	220	0.500	-23.89	-31.41	-7.52	-31.12	-48.44	-17.32	-23.89	-31.42	-7.53	-8.47	+19.64	-0.00150	+0.00000	+0.00004	-	-	-	-	-	-	-	-	-
vco_b_pulse_44100_220_pw90	static	44100	220	0.900	-23.87	-31.43	-7.56	-26.72	-46.90	-20.18	-23.89	-31.42	-7.53	-8.42	+19.63	-0.00150	-0.00010	+0.00001	-	-	-	-	-	-	-	-	-
vco_b_pulse_44100_440_pw10	static	44100	440	0.100	-20.88	-28.44	-7.56	-23.68	-45.67	-21.99	-20.88	-28.45	-7.57	-8.41	+25.64	-0.00300	-0.00010	-0.00001	-	-	-	-	-	-	-	-	-
vco_b_pulse_44100_440_pw50	static	44100	440	0.500	-20.88	-28.43	-7.55	-27.93	-43.73	-15.80	-20.87	-28.42	-7.55	-8.45	+25.64	-0.00300	-0.00030	+0.00002	-	-	-	-	-	-	-	-	-
vco_b_pulse_44100_440_pw90	static	44100	440	0.900	-20.88	-28.45	-7.57	-23.67	-45.67	-22.00	-20.88	-28.45	-7.57	-8.41	+25.64	-0.00300	-0.00010	+0.00001	-	-	-	-	-	-	-	-	-
vco_b_pulse_44100_880_pw10	static	44100	880	0.100	-17.98	-25.14	-7.16	-19.37	-39.74	-20.37	-17.97	-25.14	-7.17	-8.75	+31.57	-0.00630	-0.00020	-0.00002	-	-	-	-	-	-	-	-	-
vco_b_pulse_44100_880_pw50	static	44100	880	0.500	-18.02	-25.25	-7.23	-24.67	-38.98	-14.31	-18.01	-25.24	-7.23	-9.75	+31.67	-0.00630	-0.00090	-0.00004	-	-	-	-	-	-	-	-	-
vco_b_pulse_44100_880_pw90	static	44100	880	0.900	-17.98	-25.14	-7.16	-19.37	-39.74	-20.37	-17.97	-25.14	-7.17	-8.75	+31.57	-0.00630	-0.00030	+0.00002	-	-	-	-	-	-	-	-	-
vco_b_pulse_48000_220_pw10	static	48000	220	0.100	-24.19	-31.70	-7.51	-27.31	-48.22	-20.91	-24.26	-31.74	-7.48	-8.73	+16.47	-0.00140	+0.00000	+0.00003	-	-	-	-	-	-	-	-	-
vco_b_pulse_48000_220_pw50	static	48000	220	0.500	-24.22	-31.72	-7.50	-31.88	-49.50	-17.62	-24.26	-31.74	-7.48	-8.78	+16.46	-0.00140	+0.00000	+0.00005	-	-	-	-	-	-	-	-	-
vco_b_pulse_48000_220_pw90	static	48000	220	0.900	-24.25	-31.74	-7.49	-27.31	-48.22	-20.91	-24.26	-31.74	-7.48	-8.73	+16.48	-0.00140	+0.00000	-0.00003	-	-	-	-	-	-	-	-	-
vco_b_pulse_48000_440_pw10	static	48000	440	0.100	-21.08	-28.76	-7.68	-24.21	-46.82	-22.61	-21.15	-28.80	-7.65	-7.90	+16.80	-0.00270	+0.00000	+0.00004	-	-	-	-	-	-	-	-	-
vco_b_pulse_48000_440_pw50	static	48000	440	0.500	-21.17	-28.83	-7.66	-29.00	-44.77	-15.77	-21.16	-28.82	-7.66	-8.13	+16.89	-0.00270	-0.00020	+0.00007	-	-	-	-	-	-	-	-	-
vco_b_pulse_48000_440_pw90	static	48000	440	0.900	-21.13	-28.79	-7.66	-24.21	-46.83	-22.62	-21.15	-28.80	-7.65	-7.90	+16.82	-0.00270	+0.00000	-0.00003	-	-	-	-	-	-	-	-	-
vco_b_pulse_48000_880_pw10	static	48000	880	0.100	-18.45	-25.46	-7.01	-20.71	-40.98	-20.27	-18.45	-25.45	-7.00	-10.32	+16.61	-0.00580	-0.00010	+0.00003	-	-	-	-	-	-	-	-	-
vco_b_pulse_48000_880_pw50	static	48000	880	0.500	-18.27	-25.66	-7.39	-25.53	-39.84	-14.31	-18.27	-25.66	-7.39	-9.30	+16.87	-0.00570	-0.00070	-0.00010	-	-	-	-	-	-	-	-	-
vco_b_pulse_48000_880_pw90	static	48000	880	0.900	-18.44	-25.46	-7.02	-20.71	-40.98	-20.27	-18.45	-25.45	-7.00	-10.32	+16.63	-0.00580	-0.00010	-0.00003	-	-	-	-	-	-	-	-	-
vco_b_pulse_88200_220_pw10	static	88200	220	0.100	-26.71	-34.34	-7.63	-32.71	-56.51	-23.80	-26.86	-34.42	-7.56	-8.77	+11.76	-0.00080	+0.00000	-0.00001	-	-	-	-	-	-	-	-	-
vco_b_pulse_88200_220_pw50	static	88200	220	0.500	-26.85	-34.43	-7.58	-37.21	-56.36	-19.15	-26.87	-34.42	-7.55	-8.77	+11.65	-0.00080	+0.00000	-0.00010	-	-	-	-	-	-	-	-	-
vco_b_pulse_88200_220_pw90	static	88200	220	0.900	-26.85	-34.43	-7.58	-32.72	-56.54	-23.82	-26.87	-34.42	-7.55	-8.73	+11.57	-0.00080	-0.00010	+0.00001	-	-	-	-	-	-	-	-	-
vco_b_pulse_88200_440_pw10	static	88200	440	0.100	-23.88	-31.43	-7.55	-29.68	-52.72	-23.04	-23.89	-31.42	-7.53	-8.42	+19.63	-0.00150	+0.00000	-0.00001	-	-	-	-	-	-	-	-	-
vco_b_pulse_88200_440_pw50	static	88200	440	0.500	-23.89	-31.41	-7.52	-34.25	-50.84	-16.59	-23.89	-31.42	-7.53	-8.47	+19.64	-0.00150	+0.00000	+0.00004	-	-	-	-	-	-	-	-	-
vco_b_pulse_88200_440_pw90	static	88200	440	0.900	-23.87	-31.43	-7.56	-29.67	-52.72	-23.05	-23.89	-31.42	-7.53	-8.42	+19.63	-0.00150	-0.00010	+0.00001	-	-	-	-	-	-	-	-	-
vco_b_pulse_88200_880_pw10	static	88200	880	0.100	-20.88	-28.44	-7.56	-25.42	-47.63	-22.21	-20.88	-28.45	-7.57	-8.41	+25.64	-0.00300	-0.00010	-0.00001	-	-	-	-	-	-	-	-	-
vco_b_pulse_88200_880_pw50	static	88200	880	0.500	-20.88	-28.43	-7.55	-30.78	-45.27	-14.49	-20.87	-28.42	-7.55	-8.45	+25.64	-0.00300	-0.00030	+0.00002	-	-	-	-	-	-	-	-	-
vco_b_pulse_88200_880_pw90	static	88200	880	0.900	-20.88	-28.45	-7.57	-25.43	-47.63	-22.20	-20.88	-28.45	-7.57	-8.41	+25.64	-0.00300	-0.00010	+0.00001	-	-	-	-	-	-	-	-	-
vco_b_pulse_96000_220_pw10	static	96000	220	0.100	-27.14	-34.68	-7.54	-33.23	-57.37	-24.14	-27.27	-34.75	-7.48	-8.70	+14.63	-0.00070	+0.00000	+0.00001	-	-	-	-	-	-	-	-	-
vco_b_pulse_96000_220_pw50	static	96000	220	0.500	-27.17	-34.75	-7.58	-37.85	-57.19	-19.34	-27.24	-34.78	-7.54	-8.45	+14.34	-0.00070	+0.00000	-0.00001	-	-	-	-	-	-	-	-	-
vco_b_pulse_96000_220_pw90	static	96000	220	0.900	-27.20	-34.70	-7.50	-33.23	-57.38	-24.15	-27.27	-34.75	-7.48	-8.70	+14.67	-0.00070	+0.00000	-0.00001	-	-	-	-	-	-	-	-	-
vco_b_pulse_96000_440_pw10	static	96000	440	0.100	-24.19	-31.70	-7.51	-30.09	-53.29	-23.20	-24.26	-31.74	-7.48	-8.73	+16.47	-0.00140	+0.00000	+0.00003	-	-	-	-	-	-	-	-	-
vco_b_pulse_96000_440_pw50	static	96000	440	0.500	-24.22	-31.72	-7.50	-34.63	-51.55	-16.92	-24.26	-31.74	-7.48	-8.78	+16.46	-0.00140	+0.00000	+0.00005	-	-	-	-	-	-	-	-	-
vco_b_pulse_96000_440_pw90	static	96000	440	0.900	-24.25	-31.74	-7.49	-30.09	-53.31	-23.22	-24.26	-31.74	-7.48	-8.73	+16.48	-0.00140	+0.00000	-0.00003	-	-	-	-	-	-	-	-	-
vco_b_pulse_96000_880_pw10	static	96000	880	0.100	-21.08	-28.76	-7.68	-26.36	-48.32	-21.96	-21.15	-28.80	-7.65	-7.90	+16.80	-0.00270	+0.00000	+0.00004	-	-	-	-	-	-	-	-	-
vco_b_pulse_96000_880_pw50	static	96000	880	0.500	-21.17	-28.83	-7.66	-32.41	-46.04	-13.63	-21.16	-28.82	-7.66	-8.13	+16.89	-0.00270	-0.00020	+0.00007	-	-	-	-	-	-	-	-	-
vco_b_pulse_96000_880_pw90	static	96000	880	0.900	-21.13	-28.79	-7.66	-26.36	-48.35	-21.99	-21.15	-28.80	-7.65	-7.90	+16.82	-0.00270	+0.00000	-0.00003	-	-	-	-	-	-	-	-	-
vco_a_dynpwm_44100_220_tri_r20_b25_d100	dynamic	44100	220	-	-23.87	-30.67	-6.80	-28.56	-40.58	-12.02	-24.11	-30.99	-6.88	-	-	-0.00130	-0.00010	-0.00048	-	-	-	-	-	-	-	-	-
vco_a_dynpwm_44100_220_tri_r20_b25_d50	dynamic	44100	220	-	-23.63	-31.07	-7.44	-30.46	-45.01	-14.55	-23.79	-31.38	-7.59	-	-	-0.00140	-0.00030	-0.00044	-	-	-	-	-	-	-	-	-
vco_a_dynpwm_44100_220_tri_r20_b50_d50	dynamic	44100	220	-	-24.06	-30.95	-6.89	-29.51	-42.66	-13.15	-24.22	-31.24	-7.02	-	-	-0.00150	-0.00010	-0.00034	-43.70	-43.70	+0.00	-29.58	-43.84	-14.26	-24.28	-31.43	-7.15
vco_a_dynpwm_44100_220_tri_r2_b25_d50	dynamic	44100	220	-	-23.76	-31.15	-7.39	-30.82	-45.57	-14.75	-23.99	-31.50	-7.51	-	-	-0.00150	-0.00020	+0.00003	-43.77	-43.77	+0.00	-30.84	-47.29	-16.45	-24.00	-31.73	-7.73
vco_a_dynpwm_44100_220_tri_r2_b50_d50	dynamic	44100	220	-	-23.72	-31.20	-7.48	-29.44	-44.53	-15.09	-23.99	-31.49	-7.50	-	-	-0.00140	-0.00010	+0.00002	-43.71	-43.71	+0.00	-29.44	-46.49	-17.05	-23.99	-31.71	-7.72
vco_a_dynpwm_44100_440_tri_r20_b50_d50	dynamic	44100	440	-	-21.79	-28.56	-6.77	-27.33	-40.27	-12.94	-21.98	-28.91	-6.93	-	-	-0.00320	-0.00060	-0.00032	-	-	-	-	-	-	-	-	-
vco_a_dynpwm_44100_440_tri_r2_b25_d50	dynamic	44100	440	-	-20.95	-28.28	-7.33	-27.97	-41.80	-13.83	-21.07	-28.40	-7.33	-	-	-0.00300	-0.00010	-0.00003	-	-	-	-	-	-	-	-	-
vco_a_dynpwm_44100_440_tri_r2_b50_d50	dynamic	44100	440	-	-20.83	-28.21	-7.38	-26.51	-40.99	-14.48	-21.09	-28.39	-7.30	-	-	-0.00300	-0.00030	+0.00004	-	-	-	-	-	-	-	-	-
vco_a_ringmix_44100_440_pw050_m81250	mixed	44100	440	0.250	-26.93	-34.43	-7.50	-34.07	-51.42	-17.35	-26.92	-34.42	-7.50	-8.53	+25.63	-0.00070	-0.00010	+0.00000	-	-	-	-	-	-	-	-	-
vco_a_ringmix_44100_440_pw050_m87500	mixed	44100	440	0.500	-22.14	-29.67	-7.53	-29.22	-45.47	-16.25	-22.13	-29.66	-7.53	-8.48	+25.65	-0.00230	-0.00010	+0.00001	-	-	-	-	-	-	-	-	-
vco_a_ringmix_44100_440_pw050_m93750	mixed	44100	440	0.750	-21.04	-28.58	-7.54	-28.10	-43.96	-15.86	-21.03	-28.58	-7.55	-8.46	+25.64	-0.00290	-0.00020	+0.00002	-	-	-	-	-	-	-	-	-
vco_a_ringmix_96000_440_pw050_m81250	mixed	96000	440	0.250	-30.25	-37.74	-7.49	-40.77	-61.92	-21.15	-30.29	-37.75	-7.46	-8.82	+16.50	-0.00040	-0.00010	+0.00002	-	-	-	-	-	-	-	-	-
vco_a_ringmix_96000_440_pw050_m87500	mixed	96000	440	0.500	-25.48	-32.97	-7.49	-35.92	-53.84	-17.92	-25.51	-32.98	-7.47	-8.80	+16.47	-0.00100	+0.00000	+0.00003	-	-	-	-	-	-	-	-	-
vco_a_ringmix_96000_440_pw050_m93750	mixed	96000	440	0.750	-24.38	-31.88	-7.50	-34.79	-51.85	-17.06	-24.42	-31.89	-7.47	-8.78	+16.46	-0.00130	+0.00000	+0.00004	-	-	-	-	-	-	-	-	-
