id	path	sr	stim	part	domain	consumer	required	source_evidence
vco_a_tri_44100_220	vco_a_tri	44100	220	220	device	VCO-A triangle node of the continuous morph map (vco_a_morph=0.75, tap dryA)	1	product-reachable (vco_a_oct_sel/tune + vco_a_morph=0.75, GH#19 S0), single carrier, periodic
vco_a_tri_44100_440	vco_a_tri	44100	440	440	device	VCO-A triangle node of the continuous morph map (vco_a_morph=0.75, tap dryA)	1	product-reachable (vco_a_oct_sel/tune + vco_a_morph=0.75, GH#19 S0), single carrier, periodic
vco_a_tri_44100_880	vco_a_tri	44100	880	880	device	VCO-A triangle node of the continuous morph map (vco_a_morph=0.75, tap dryA)	1	product-reachable (vco_a_oct_sel/tune + vco_a_morph=0.75, GH#19 S0), single carrier, periodic
vco_a_tri_48000_220	vco_a_tri	48000	220	220	device	VCO-A triangle node of the continuous morph map (vco_a_morph=0.75, tap dryA)	1	product-reachable (vco_a_oct_sel/tune + vco_a_morph=0.75, GH#19 S0), single carrier, periodic
vco_a_tri_48000_440	vco_a_tri	48000	440	440	device	VCO-A triangle node of the continuous morph map (vco_a_morph=0.75, tap dryA)	1	product-reachable (vco_a_oct_sel/tune + vco_a_morph=0.75, GH#19 S0), single carrier, periodic
vco_a_tri_48000_880	vco_a_tri	48000	880	880	device	VCO-A triangle node of the continuous morph map (vco_a_morph=0.75, tap dryA)	1	product-reachable (vco_a_oct_sel/tune + vco_a_morph=0.75, GH#19 S0), single carrier, periodic
vco_a_tri_88200_220	vco_a_tri	88200	220	220	device	VCO-A triangle node of the continuous morph map (vco_a_morph=0.75, tap dryA)	1	product-reachable (vco_a_oct_sel/tune + vco_a_morph=0.75, GH#19 S0), single carrier, periodic
vco_a_tri_88200_440	vco_a_tri	88200	440	440	device	VCO-A triangle node of the continuous morph map (vco_a_morph=0.75, tap dryA)	1	product-reachable (vco_a_oct_sel/tune + vco_a_morph=0.75, GH#19 S0), single carrier, periodic
vco_a_tri_88200_880	vco_a_tri	88200	880	880	device	VCO-A triangle node of the continuous morph map (vco_a_morph=0.75, tap dryA)	1	product-reachable (vco_a_oct_sel/tune + vco_a_morph=0.75, GH#19 S0), single carrier, periodic
vco_a_tri_96000_220	vco_a_tri	96000	220	220	device	VCO-A triangle node of the continuous morph map (vco_a_morph=0.75, tap dryA)	1	product-reachable (vco_a_oct_sel/tune + vco_a_morph=0.75, GH#19 S0), single carrier, periodic
vco_a_tri_96000_440	vco_a_tri	96000	440	440	device	VCO-A triangle node of the continuous morph map (vco_a_morph=0.75, tap dryA)	1	product-reachable (vco_a_oct_sel/tune + vco_a_morph=0.75, GH#19 S0), single carrier, periodic
vco_a_tri_96000_880	vco_a_tri	96000	880	880	device	VCO-A triangle node of the continuous morph map (vco_a_morph=0.75, tap dryA)	1	product-reachable (vco_a_oct_sel/tune + vco_a_morph=0.75, GH#19 S0), single carrier, periodic
vco_b_tri_44100_220	vco_b_tri	44100	220	220	device	VCO-B triangle node of the continuous morph map (vco_b_morph=0.75, tap dryB)	1	product-reachable but NOT a default single carrier: vco_b.cv_in is fed live from vco_a.dry_out (task#83 A->B route, machine_runtime.h:2226-2237), so default cv_amt>0 makes dryB an audio-rate FM-ed voice. Measured as a STEADY carrier with the legal panel knob vco_b_cv_amt=0 tuned by vco_b_oct_sel/tune + vco_b_morph=0.75 (GH#19 S0); identical to vco_a_tri -> confirms A/B share the VCO call point.
vco_b_tri_44100_440	vco_b_tri	44100	440	440	device	VCO-B triangle node of the continuous morph map (vco_b_morph=0.75, tap dryB)	1	product-reachable but NOT a default single carrier: vco_b.cv_in is fed live from vco_a.dry_out (task#83 A->B route, machine_runtime.h:2226-2237), so default cv_amt>0 makes dryB an audio-rate FM-ed voice. Measured as a STEADY carrier with the legal panel knob vco_b_cv_amt=0 tuned by vco_b_oct_sel/tune + vco_b_morph=0.75 (GH#19 S0); identical to vco_a_tri -> confirms A/B share the VCO call point.
vco_b_tri_44100_880	vco_b_tri	44100	880	880	device	VCO-B triangle node of the continuous morph map (vco_b_morph=0.75, tap dryB)	1	product-reachable but NOT a default single carrier: vco_b.cv_in is fed live from vco_a.dry_out (task#83 A->B route, machine_runtime.h:2226-2237), so default cv_amt>0 makes dryB an audio-rate FM-ed voice. Measured as a STEADY carrier with the legal panel knob vco_b_cv_amt=0 tuned by vco_b_oct_sel/tune + vco_b_morph=0.75 (GH#19 S0); identical to vco_a_tri -> confirms A/B share the VCO call point.
vco_b_tri_48000_220	vco_b_tri	48000	220	220	device	VCO-B triangle node of the continuous morph map (vco_b_morph=0.75, tap dryB)	1	product-reachable but NOT a default single carrier: vco_b.cv_in is fed live from vco_a.dry_out (task#83 A->B route, machine_runtime.h:2226-2237), so default cv_amt>0 makes dryB an audio-rate FM-ed voice. Measured as a STEADY carrier with the legal panel knob vco_b_cv_amt=0 tuned by vco_b_oct_sel/tune + vco_b_morph=0.75 (GH#19 S0); identical to vco_a_tri -> confirms A/B share the VCO call point.
vco_b_tri_48000_440	vco_b_tri	48000	440	440	device	VCO-B triangle node of the continuous morph map (vco_b_morph=0.75, tap dryB)	1	product-reachable but NOT a default single carrier: vco_b.cv_in is fed live from vco_a.dry_out (task#83 A->B route, machine_runtime.h:2226-2237), so default cv_amt>0 makes dryB an audio-rate FM-ed voice. Measured as a STEADY carrier with the legal panel knob vco_b_cv_amt=0 tuned by vco_b_oct_sel/tune + vco_b_morph=0.75 (GH#19 S0); identical to vco_a_tri -> confirms A/B share the VCO call point.
vco_b_tri_48000_880	vco_b_tri	48000	880	880	device	VCO-B triangle node of the continuous morph map (vco_b_morph=0.75, tap dryB)	1	product-reachable but NOT a default single carrier: vco_b.cv_in is fed live from vco_a.dry_out (task#83 A->B route, machine_runtime.h:2226-2237), so default cv_amt>0 makes dryB an audio-rate FM-ed voice. Measured as a STEADY carrier with the legal panel knob vco_b_cv_amt=0 tuned by vco_b_oct_sel/tune + vco_b_morph=0.75 (GH#19 S0); identical to vco_a_tri -> confirms A/B share the VCO call point.
vco_b_tri_88200_220	vco_b_tri	88200	220	220	device	VCO-B triangle node of the continuous morph map (vco_b_morph=0.75, tap dryB)	1	product-reachable but NOT a default single carrier: vco_b.cv_in is fed live from vco_a.dry_out (task#83 A->B route, machine_runtime.h:2226-2237), so default cv_amt>0 makes dryB an audio-rate FM-ed voice. Measured as a STEADY carrier with the legal panel knob vco_b_cv_amt=0 tuned by vco_b_oct_sel/tune + vco_b_morph=0.75 (GH#19 S0); identical to vco_a_tri -> confirms A/B share the VCO call point.
vco_b_tri_88200_440	vco_b_tri	88200	440	440	device	VCO-B triangle node of the continuous morph map (vco_b_morph=0.75, tap dryB)	1	product-reachable but NOT a default single carrier: vco_b.cv_in is fed live from vco_a.dry_out (task#83 A->B route, machine_runtime.h:2226-2237), so default cv_amt>0 makes dryB an audio-rate FM-ed voice. Measured as a STEADY carrier with the legal panel knob vco_b_cv_amt=0 tuned by vco_b_oct_sel/tune + vco_b_morph=0.75 (GH#19 S0); identical to vco_a_tri -> confirms A/B share the VCO call point.
vco_b_tri_88200_880	vco_b_tri	88200	880	880	device	VCO-B triangle node of the continuous morph map (vco_b_morph=0.75, tap dryB)	1	product-reachable but NOT a default single carrier: vco_b.cv_in is fed live from vco_a.dry_out (task#83 A->B route, machine_runtime.h:2226-2237), so default cv_amt>0 makes dryB an audio-rate FM-ed voice. Measured as a STEADY carrier with the legal panel knob vco_b_cv_amt=0 tuned by vco_b_oct_sel/tune + vco_b_morph=0.75 (GH#19 S0); identical to vco_a_tri -> confirms A/B share the VCO call point.
vco_b_tri_96000_220	vco_b_tri	96000	220	220	device	VCO-B triangle node of the continuous morph map (vco_b_morph=0.75, tap dryB)	1	product-reachable but NOT a default single carrier: vco_b.cv_in is fed live from vco_a.dry_out (task#83 A->B route, machine_runtime.h:2226-2237), so default cv_amt>0 makes dryB an audio-rate FM-ed voice. Measured as a STEADY carrier with the legal panel knob vco_b_cv_amt=0 tuned by vco_b_oct_sel/tune + vco_b_morph=0.75 (GH#19 S0); identical to vco_a_tri -> confirms A/B share the VCO call point.
vco_b_tri_96000_440	vco_b_tri	96000	440	440	device	VCO-B triangle node of the continuous morph map (vco_b_morph=0.75, tap dryB)	1	product-reachable but NOT a default single carrier: vco_b.cv_in is fed live from vco_a.dry_out (task#83 A->B route, machine_runtime.h:2226-2237), so default cv_amt>0 makes dryB an audio-rate FM-ed voice. Measured as a STEADY carrier with the legal panel knob vco_b_cv_amt=0 tuned by vco_b_oct_sel/tune + vco_b_morph=0.75 (GH#19 S0); identical to vco_a_tri -> confirms A/B share the VCO call point.
vco_b_tri_96000_880	vco_b_tri	96000	880	880	device	VCO-B triangle node of the continuous morph map (vco_b_morph=0.75, tap dryB)	1	product-reachable but NOT a default single carrier: vco_b.cv_in is fed live from vco_a.dry_out (task#83 A->B route, machine_runtime.h:2226-2237), so default cv_amt>0 makes dryB an audio-rate FM-ed voice. Measured as a STEADY carrier with the legal panel knob vco_b_cv_amt=0 tuned by vco_b_oct_sel/tune + vco_b_morph=0.75 (GH#19 S0); identical to vco_a_tri -> confirms A/B share the VCO call point.
vco_a_sync_tri_44100_220	vco_a_sync_tri	44100	220	220	device	VCO-A hard-synced triangle, reset every 256 samples (tap dryA)	1	product-reachable MECHANISM, precision-set rate: vco_a.sync_in is a registered, patchable jack (registry descriptor threshold 5.0V / hysteresis 0.2V; no consumer before task #111). Stimulus = LFO-A square (lfo_a_wave=0) patched to vco_a.sync_in through the public MachineRuntime::connect, so the patch is a panel-reachable cable, not a test-only injection surface. Rate: lfo_a_rate = sr/(M*10) Hz with lfo_a_speed_mult index 2 (= x10, machine_runtime.h speedMultFromIndex_), giving an effective sr/M Hz -> one rising edge every EXACTLY M samples (M=256 at 44.1/48k, 512 at 88.2/96k) and a per-sample phase step of exactly 1/M; 17.23-18.75 Hz sits inside the LFO's 0.1..20 Hz panel range. The edge therefore lands ON a sample-grid point; the exact Hz is set from canonical state by the probe (a panel user dials it approximately). The slave is the SAME dry_a-tapped VCO-A triangle arm as vco_a_tri. Exact M-periodicity of the produced signal and the measured cycle anchor are ASSERTED by the analyzer (blsync_per / blsync_off), which fails closed to no-column rather than answering if the premise does not hold.
vco_a_sync_tri_44100_440	vco_a_sync_tri	44100	440	440	device	VCO-A hard-synced triangle, reset every 256 samples (tap dryA)	1	product-reachable MECHANISM, precision-set rate: vco_a.sync_in is a registered, patchable jack (registry descriptor threshold 5.0V / hysteresis 0.2V; no consumer before task #111). Stimulus = LFO-A square (lfo_a_wave=0) patched to vco_a.sync_in through the public MachineRuntime::connect, so the patch is a panel-reachable cable, not a test-only injection surface. Rate: lfo_a_rate = sr/(M*10) Hz with lfo_a_speed_mult index 2 (= x10, machine_runtime.h speedMultFromIndex_), giving an effective sr/M Hz -> one rising edge every EXACTLY M samples (M=256 at 44.1/48k, 512 at 88.2/96k) and a per-sample phase step of exactly 1/M; 17.23-18.75 Hz sits inside the LFO's 0.1..20 Hz panel range. The edge therefore lands ON a sample-grid point; the exact Hz is set from canonical state by the probe (a panel user dials it approximately). The slave is the SAME dry_a-tapped VCO-A triangle arm as vco_a_tri. Exact M-periodicity of the produced signal and the measured cycle anchor are ASSERTED by the analyzer (blsync_per / blsync_off), which fails closed to no-column rather than answering if the premise does not hold.
vco_a_sync_tri_44100_880	vco_a_sync_tri	44100	880	880	device	VCO-A hard-synced triangle, reset every 256 samples (tap dryA)	1	product-reachable MECHANISM, precision-set rate: vco_a.sync_in is a registered, patchable jack (registry descriptor threshold 5.0V / hysteresis 0.2V; no consumer before task #111). Stimulus = LFO-A square (lfo_a_wave=0) patched to vco_a.sync_in through the public MachineRuntime::connect, so the patch is a panel-reachable cable, not a test-only injection surface. Rate: lfo_a_rate = sr/(M*10) Hz with lfo_a_speed_mult index 2 (= x10, machine_runtime.h speedMultFromIndex_), giving an effective sr/M Hz -> one rising edge every EXACTLY M samples (M=256 at 44.1/48k, 512 at 88.2/96k) and a per-sample phase step of exactly 1/M; 17.23-18.75 Hz sits inside the LFO's 0.1..20 Hz panel range. The edge therefore lands ON a sample-grid point; the exact Hz is set from canonical state by the probe (a panel user dials it approximately). The slave is the SAME dry_a-tapped VCO-A triangle arm as vco_a_tri. Exact M-periodicity of the produced signal and the measured cycle anchor are ASSERTED by the analyzer (blsync_per / blsync_off), which fails closed to no-column rather than answering if the premise does not hold.
vco_a_sync_tri_48000_220	vco_a_sync_tri	48000	220	220	device	VCO-A hard-synced triangle, reset every 256 samples (tap dryA)	1	product-reachable MECHANISM, precision-set rate: vco_a.sync_in is a registered, patchable jack (registry descriptor threshold 5.0V / hysteresis 0.2V; no consumer before task #111). Stimulus = LFO-A square (lfo_a_wave=0) patched to vco_a.sync_in through the public MachineRuntime::connect, so the patch is a panel-reachable cable, not a test-only injection surface. Rate: lfo_a_rate = sr/(M*10) Hz with lfo_a_speed_mult index 2 (= x10, machine_runtime.h speedMultFromIndex_), giving an effective sr/M Hz -> one rising edge every EXACTLY M samples (M=256 at 44.1/48k, 512 at 88.2/96k) and a per-sample phase step of exactly 1/M; 17.23-18.75 Hz sits inside the LFO's 0.1..20 Hz panel range. The edge therefore lands ON a sample-grid point; the exact Hz is set from canonical state by the probe (a panel user dials it approximately). The slave is the SAME dry_a-tapped VCO-A triangle arm as vco_a_tri. Exact M-periodicity of the produced signal and the measured cycle anchor are ASSERTED by the analyzer (blsync_per / blsync_off), which fails closed to no-column rather than answering if the premise does not hold.
vco_a_sync_tri_48000_440	vco_a_sync_tri	48000	440	440	device	VCO-A hard-synced triangle, reset every 256 samples (tap dryA)	1	product-reachable MECHANISM, precision-set rate: vco_a.sync_in is a registered, patchable jack (registry descriptor threshold 5.0V / hysteresis 0.2V; no consumer before task #111). Stimulus = LFO-A square (lfo_a_wave=0) patched to vco_a.sync_in through the public MachineRuntime::connect, so the patch is a panel-reachable cable, not a test-only injection surface. Rate: lfo_a_rate = sr/(M*10) Hz with lfo_a_speed_mult index 2 (= x10, machine_runtime.h speedMultFromIndex_), giving an effective sr/M Hz -> one rising edge every EXACTLY M samples (M=256 at 44.1/48k, 512 at 88.2/96k) and a per-sample phase step of exactly 1/M; 17.23-18.75 Hz sits inside the LFO's 0.1..20 Hz panel range. The edge therefore lands ON a sample-grid point; the exact Hz is set from canonical state by the probe (a panel user dials it approximately). The slave is the SAME dry_a-tapped VCO-A triangle arm as vco_a_tri. Exact M-periodicity of the produced signal and the measured cycle anchor are ASSERTED by the analyzer (blsync_per / blsync_off), which fails closed to no-column rather than answering if the premise does not hold.
vco_a_sync_tri_48000_880	vco_a_sync_tri	48000	880	880	device	VCO-A hard-synced triangle, reset every 256 samples (tap dryA)	1	product-reachable MECHANISM, precision-set rate: vco_a.sync_in is a registered, patchable jack (registry descriptor threshold 5.0V / hysteresis 0.2V; no consumer before task #111). Stimulus = LFO-A square (lfo_a_wave=0) patched to vco_a.sync_in through the public MachineRuntime::connect, so the patch is a panel-reachable cable, not a test-only injection surface. Rate: lfo_a_rate = sr/(M*10) Hz with lfo_a_speed_mult index 2 (= x10, machine_runtime.h speedMultFromIndex_), giving an effective sr/M Hz -> one rising edge every EXACTLY M samples (M=256 at 44.1/48k, 512 at 88.2/96k) and a per-sample phase step of exactly 1/M; 17.23-18.75 Hz sits inside the LFO's 0.1..20 Hz panel range. The edge therefore lands ON a sample-grid point; the exact Hz is set from canonical state by the probe (a panel user dials it approximately). The slave is the SAME dry_a-tapped VCO-A triangle arm as vco_a_tri. Exact M-periodicity of the produced signal and the measured cycle anchor are ASSERTED by the analyzer (blsync_per / blsync_off), which fails closed to no-column rather than answering if the premise does not hold.
vco_a_sync_tri_88200_220	vco_a_sync_tri	88200	220	220	device	VCO-A hard-synced triangle, reset every 512 samples (tap dryA)	1	product-reachable MECHANISM, precision-set rate: vco_a.sync_in is a registered, patchable jack (registry descriptor threshold 5.0V / hysteresis 0.2V; no consumer before task #111). Stimulus = LFO-A square (lfo_a_wave=0) patched to vco_a.sync_in through the public MachineRuntime::connect, so the patch is a panel-reachable cable, not a test-only injection surface. Rate: lfo_a_rate = sr/(M*10) Hz with lfo_a_speed_mult index 2 (= x10, machine_runtime.h speedMultFromIndex_), giving an effective sr/M Hz -> one rising edge every EXACTLY M samples (M=256 at 44.1/48k, 512 at 88.2/96k) and a per-sample phase step of exactly 1/M; 17.23-18.75 Hz sits inside the LFO's 0.1..20 Hz panel range. The edge therefore lands ON a sample-grid point; the exact Hz is set from canonical state by the probe (a panel user dials it approximately). The slave is the SAME dry_a-tapped VCO-A triangle arm as vco_a_tri. Exact M-periodicity of the produced signal and the measured cycle anchor are ASSERTED by the analyzer (blsync_per / blsync_off), which fails closed to no-column rather than answering if the premise does not hold.
vco_a_sync_tri_88200_440	vco_a_sync_tri	88200	440	440	device	VCO-A hard-synced triangle, reset every 512 samples (tap dryA)	1	product-reachable MECHANISM, precision-set rate: vco_a.sync_in is a registered, patchable jack (registry descriptor threshold 5.0V / hysteresis 0.2V; no consumer before task #111). Stimulus = LFO-A square (lfo_a_wave=0) patched to vco_a.sync_in through the public MachineRuntime::connect, so the patch is a panel-reachable cable, not a test-only injection surface. Rate: lfo_a_rate = sr/(M*10) Hz with lfo_a_speed_mult index 2 (= x10, machine_runtime.h speedMultFromIndex_), giving an effective sr/M Hz -> one rising edge every EXACTLY M samples (M=256 at 44.1/48k, 512 at 88.2/96k) and a per-sample phase step of exactly 1/M; 17.23-18.75 Hz sits inside the LFO's 0.1..20 Hz panel range. The edge therefore lands ON a sample-grid point; the exact Hz is set from canonical state by the probe (a panel user dials it approximately). The slave is the SAME dry_a-tapped VCO-A triangle arm as vco_a_tri. Exact M-periodicity of the produced signal and the measured cycle anchor are ASSERTED by the analyzer (blsync_per / blsync_off), which fails closed to no-column rather than answering if the premise does not hold.
vco_a_sync_tri_88200_880	vco_a_sync_tri	88200	880	880	device	VCO-A hard-synced triangle, reset every 512 samples (tap dryA)	1	product-reachable MECHANISM, precision-set rate: vco_a.sync_in is a registered, patchable jack (registry descriptor threshold 5.0V / hysteresis 0.2V; no consumer before task #111). Stimulus = LFO-A square (lfo_a_wave=0) patched to vco_a.sync_in through the public MachineRuntime::connect, so the patch is a panel-reachable cable, not a test-only injection surface. Rate: lfo_a_rate = sr/(M*10) Hz with lfo_a_speed_mult index 2 (= x10, machine_runtime.h speedMultFromIndex_), giving an effective sr/M Hz -> one rising edge every EXACTLY M samples (M=256 at 44.1/48k, 512 at 88.2/96k) and a per-sample phase step of exactly 1/M; 17.23-18.75 Hz sits inside the LFO's 0.1..20 Hz panel range. The edge therefore lands ON a sample-grid point; the exact Hz is set from canonical state by the probe (a panel user dials it approximately). The slave is the SAME dry_a-tapped VCO-A triangle arm as vco_a_tri. Exact M-periodicity of the produced signal and the measured cycle anchor are ASSERTED by the analyzer (blsync_per / blsync_off), which fails closed to no-column rather than answering if the premise does not hold.
vco_a_sync_tri_96000_220	vco_a_sync_tri	96000	220	220	device	VCO-A hard-synced triangle, reset every 512 samples (tap dryA)	1	product-reachable MECHANISM, precision-set rate: vco_a.sync_in is a registered, patchable jack (registry descriptor threshold 5.0V / hysteresis 0.2V; no consumer before task #111). Stimulus = LFO-A square (lfo_a_wave=0) patched to vco_a.sync_in through the public MachineRuntime::connect, so the patch is a panel-reachable cable, not a test-only injection surface. Rate: lfo_a_rate = sr/(M*10) Hz with lfo_a_speed_mult index 2 (= x10, machine_runtime.h speedMultFromIndex_), giving an effective sr/M Hz -> one rising edge every EXACTLY M samples (M=256 at 44.1/48k, 512 at 88.2/96k) and a per-sample phase step of exactly 1/M; 17.23-18.75 Hz sits inside the LFO's 0.1..20 Hz panel range. The edge therefore lands ON a sample-grid point; the exact Hz is set from canonical state by the probe (a panel user dials it approximately). The slave is the SAME dry_a-tapped VCO-A triangle arm as vco_a_tri. Exact M-periodicity of the produced signal and the measured cycle anchor are ASSERTED by the analyzer (blsync_per / blsync_off), which fails closed to no-column rather than answering if the premise does not hold.
vco_a_sync_tri_96000_440	vco_a_sync_tri	96000	440	440	device	VCO-A hard-synced triangle, reset every 512 samples (tap dryA)	1	product-reachable MECHANISM, precision-set rate: vco_a.sync_in is a registered, patchable jack (registry descriptor threshold 5.0V / hysteresis 0.2V; no consumer before task #111). Stimulus = LFO-A square (lfo_a_wave=0) patched to vco_a.sync_in through the public MachineRuntime::connect, so the patch is a panel-reachable cable, not a test-only injection surface. Rate: lfo_a_rate = sr/(M*10) Hz with lfo_a_speed_mult index 2 (= x10, machine_runtime.h speedMultFromIndex_), giving an effective sr/M Hz -> one rising edge every EXACTLY M samples (M=256 at 44.1/48k, 512 at 88.2/96k) and a per-sample phase step of exactly 1/M; 17.23-18.75 Hz sits inside the LFO's 0.1..20 Hz panel range. The edge therefore lands ON a sample-grid point; the exact Hz is set from canonical state by the probe (a panel user dials it approximately). The slave is the SAME dry_a-tapped VCO-A triangle arm as vco_a_tri. Exact M-periodicity of the produced signal and the measured cycle anchor are ASSERTED by the analyzer (blsync_per / blsync_off), which fails closed to no-column rather than answering if the premise does not hold.
vco_a_sync_tri_96000_880	vco_a_sync_tri	96000	880	880	device	VCO-A hard-synced triangle, reset every 512 samples (tap dryA)	1	product-reachable MECHANISM, precision-set rate: vco_a.sync_in is a registered, patchable jack (registry descriptor threshold 5.0V / hysteresis 0.2V; no consumer before task #111). Stimulus = LFO-A square (lfo_a_wave=0) patched to vco_a.sync_in through the public MachineRuntime::connect, so the patch is a panel-reachable cable, not a test-only injection surface. Rate: lfo_a_rate = sr/(M*10) Hz with lfo_a_speed_mult index 2 (= x10, machine_runtime.h speedMultFromIndex_), giving an effective sr/M Hz -> one rising edge every EXACTLY M samples (M=256 at 44.1/48k, 512 at 88.2/96k) and a per-sample phase step of exactly 1/M; 17.23-18.75 Hz sits inside the LFO's 0.1..20 Hz panel range. The edge therefore lands ON a sample-grid point; the exact Hz is set from canonical state by the probe (a panel user dials it approximately). The slave is the SAME dry_a-tapped VCO-A triangle arm as vco_a_tri. Exact M-periodicity of the produced signal and the measured cycle anchor are ASSERTED by the analyzer (blsync_per / blsync_off), which fails closed to no-column rather than answering if the premise does not hold.
drone1_classic_44100_t20	drone1_classic	44100	t20	t20	volt	classic drone-1 gen1 saw+cubic (droneChannel(0))	1	product-reachable (drone_1_tune_1, mute_2..5=1), single carrier
drone1_classic_44100_t50	drone1_classic	44100	t50	t50	volt	classic drone-1 gen1 saw+cubic (droneChannel(0))	1	product-reachable (drone_1_tune_1, mute_2..5=1), single carrier
drone1_classic_44100_t80	drone1_classic	44100	t80	t80	volt	classic drone-1 gen1 saw+cubic (droneChannel(0))	1	product-reachable (drone_1_tune_1, mute_2..5=1), single carrier
drone1_classic_48000_t20	drone1_classic	48000	t20	t20	volt	classic drone-1 gen1 saw+cubic (droneChannel(0))	1	product-reachable (drone_1_tune_1, mute_2..5=1), single carrier
drone1_classic_48000_t50	drone1_classic	48000	t50	t50	volt	classic drone-1 gen1 saw+cubic (droneChannel(0))	1	product-reachable (drone_1_tune_1, mute_2..5=1), single carrier
drone1_classic_48000_t80	drone1_classic	48000	t80	t80	volt	classic drone-1 gen1 saw+cubic (droneChannel(0))	1	product-reachable (drone_1_tune_1, mute_2..5=1), single carrier
drone1_classic_88200_t20	drone1_classic	88200	t20	t20	volt	classic drone-1 gen1 saw+cubic (droneChannel(0))	1	product-reachable (drone_1_tune_1, mute_2..5=1), single carrier
drone1_classic_88200_t50	drone1_classic	88200	t50	t50	volt	classic drone-1 gen1 saw+cubic (droneChannel(0))	1	product-reachable (drone_1_tune_1, mute_2..5=1), single carrier
drone1_classic_88200_t80	drone1_classic	88200	t80	t80	volt	classic drone-1 gen1 saw+cubic (droneChannel(0))	1	product-reachable (drone_1_tune_1, mute_2..5=1), single carrier
drone1_classic_96000_t20	drone1_classic	96000	t20	t20	volt	classic drone-1 gen1 saw+cubic (droneChannel(0))	1	product-reachable (drone_1_tune_1, mute_2..5=1), single carrier
drone1_classic_96000_t50	drone1_classic	96000	t50	t50	volt	classic drone-1 gen1 saw+cubic (droneChannel(0))	1	product-reachable (drone_1_tune_1, mute_2..5=1), single carrier
drone1_classic_96000_t80	drone1_classic	96000	t80	t80	volt	classic drone-1 gen1 saw+cubic (droneChannel(0))	1	product-reachable (drone_1_tune_1, mute_2..5=1), single carrier
drone4_classic_44100_t20	drone4_classic	44100	t20	t20	volt	classic drone-4 gen4 saw+cubic HIGH role (droneChannel(2))	1	product-reachable (drone_4_tune_4, mute_1..3,5=1), single carrier, volt=30 semis down (drone_4.volt norm 0.5) => generators land 97-224 Hz, i.e. the LOW band -- this row does NOT by itself discharge ruling 3; see drone4_classic_v0_* for the HIGH-band lane
drone4_classic_44100_t50	drone4_classic	44100	t50	t50	volt	classic drone-4 gen4 saw+cubic HIGH role (droneChannel(2))	1	product-reachable (drone_4_tune_4, mute_1..3,5=1), single carrier, volt=30 semis down (drone_4.volt norm 0.5) => generators land 97-224 Hz, i.e. the LOW band -- this row does NOT by itself discharge ruling 3; see drone4_classic_v0_* for the HIGH-band lane
drone4_classic_44100_t80	drone4_classic	44100	t80	t80	volt	classic drone-4 gen4 saw+cubic HIGH role (droneChannel(2))	1	product-reachable (drone_4_tune_4, mute_1..3,5=1), single carrier, volt=30 semis down (drone_4.volt norm 0.5) => generators land 97-224 Hz, i.e. the LOW band -- this row does NOT by itself discharge ruling 3; see drone4_classic_v0_* for the HIGH-band lane
drone4_classic_48000_t20	drone4_classic	48000	t20	t20	volt	classic drone-4 gen4 saw+cubic HIGH role (droneChannel(2))	1	product-reachable (drone_4_tune_4, mute_1..3,5=1), single carrier, volt=30 semis down (drone_4.volt norm 0.5) => generators land 97-224 Hz, i.e. the LOW band -- this row does NOT by itself discharge ruling 3; see drone4_classic_v0_* for the HIGH-band lane
drone4_classic_48000_t50	drone4_classic	48000	t50	t50	volt	classic drone-4 gen4 saw+cubic HIGH role (droneChannel(2))	1	product-reachable (drone_4_tune_4, mute_1..3,5=1), single carrier, volt=30 semis down (drone_4.volt norm 0.5) => generators land 97-224 Hz, i.e. the LOW band -- this row does NOT by itself discharge ruling 3; see drone4_classic_v0_* for the HIGH-band lane
drone4_classic_48000_t80	drone4_classic	48000	t80	t80	volt	classic drone-4 gen4 saw+cubic HIGH role (droneChannel(2))	1	product-reachable (drone_4_tune_4, mute_1..3,5=1), single carrier, volt=30 semis down (drone_4.volt norm 0.5) => generators land 97-224 Hz, i.e. the LOW band -- this row does NOT by itself discharge ruling 3; see drone4_classic_v0_* for the HIGH-band lane
drone4_classic_88200_t20	drone4_classic	88200	t20	t20	volt	classic drone-4 gen4 saw+cubic HIGH role (droneChannel(2))	1	product-reachable (drone_4_tune_4, mute_1..3,5=1), single carrier, volt=30 semis down (drone_4.volt norm 0.5) => generators land 97-224 Hz, i.e. the LOW band -- this row does NOT by itself discharge ruling 3; see drone4_classic_v0_* for the HIGH-band lane
drone4_classic_88200_t50	drone4_classic	88200	t50	t50	volt	classic drone-4 gen4 saw+cubic HIGH role (droneChannel(2))	1	product-reachable (drone_4_tune_4, mute_1..3,5=1), single carrier, volt=30 semis down (drone_4.volt norm 0.5) => generators land 97-224 Hz, i.e. the LOW band -- this row does NOT by itself discharge ruling 3; see drone4_classic_v0_* for the HIGH-band lane
drone4_classic_88200_t80	drone4_classic	88200	t80	t80	volt	classic drone-4 gen4 saw+cubic HIGH role (droneChannel(2))	1	product-reachable (drone_4_tune_4, mute_1..3,5=1), single carrier, volt=30 semis down (drone_4.volt norm 0.5) => generators land 97-224 Hz, i.e. the LOW band -- this row does NOT by itself discharge ruling 3; see drone4_classic_v0_* for the HIGH-band lane
drone4_classic_96000_t20	drone4_classic	96000	t20	t20	volt	classic drone-4 gen4 saw+cubic HIGH role (droneChannel(2))	1	product-reachable (drone_4_tune_4, mute_1..3,5=1), single carrier, volt=30 semis down (drone_4.volt norm 0.5) => generators land 97-224 Hz, i.e. the LOW band -- this row does NOT by itself discharge ruling 3; see drone4_classic_v0_* for the HIGH-band lane
drone4_classic_96000_t50	drone4_classic	96000	t50	t50	volt	classic drone-4 gen4 saw+cubic HIGH role (droneChannel(2))	1	product-reachable (drone_4_tune_4, mute_1..3,5=1), single carrier, volt=30 semis down (drone_4.volt norm 0.5) => generators land 97-224 Hz, i.e. the LOW band -- this row does NOT by itself discharge ruling 3; see drone4_classic_v0_* for the HIGH-band lane
drone4_classic_96000_t80	drone4_classic	96000	t80	t80	volt	classic drone-4 gen4 saw+cubic HIGH role (droneChannel(2))	1	product-reachable (drone_4_tune_4, mute_1..3,5=1), single carrier, volt=30 semis down (drone_4.volt norm 0.5) => generators land 97-224 Hz, i.e. the LOW band -- this row does NOT by itself discharge ruling 3; see drone4_classic_v0_* for the HIGH-band lane
drone4_classic_v0_44100_t20	drone4_classic_v0	44100	t20	t20	volt	classic drone-4 gen4 saw+cubic HIGH role, volt=0 (droneChannel(2))	1	product-reachable (drone_4_tune_4, mute_1..3,5=1), single carrier, volt=0 semis down (drone_4.volt norm 0.0) => generators land ~551/835/1266 Hz, inside the HIGH role band 420-1800 Hz -- THIS is the ruling-3 HIGH cell
drone4_classic_v0_44100_t50	drone4_classic_v0	44100	t50	t50	volt	classic drone-4 gen4 saw+cubic HIGH role, volt=0 (droneChannel(2))	1	product-reachable (drone_4_tune_4, mute_1..3,5=1), single carrier, volt=0 semis down (drone_4.volt norm 0.0) => generators land ~551/835/1266 Hz, inside the HIGH role band 420-1800 Hz -- THIS is the ruling-3 HIGH cell
drone4_classic_v0_44100_t80	drone4_classic_v0	44100	t80	t80	volt	classic drone-4 gen4 saw+cubic HIGH role, volt=0 (droneChannel(2))	1	product-reachable (drone_4_tune_4, mute_1..3,5=1), single carrier, volt=0 semis down (drone_4.volt norm 0.0) => generators land ~551/835/1266 Hz, inside the HIGH role band 420-1800 Hz -- THIS is the ruling-3 HIGH cell
drone4_classic_v0_48000_t20	drone4_classic_v0	48000	t20	t20	volt	classic drone-4 gen4 saw+cubic HIGH role, volt=0 (droneChannel(2))	1	product-reachable (drone_4_tune_4, mute_1..3,5=1), single carrier, volt=0 semis down (drone_4.volt norm 0.0) => generators land ~551/835/1266 Hz, inside the HIGH role band 420-1800 Hz -- THIS is the ruling-3 HIGH cell
drone4_classic_v0_48000_t50	drone4_classic_v0	48000	t50	t50	volt	classic drone-4 gen4 saw+cubic HIGH role, volt=0 (droneChannel(2))	1	product-reachable (drone_4_tune_4, mute_1..3,5=1), single carrier, volt=0 semis down (drone_4.volt norm 0.0) => generators land ~551/835/1266 Hz, inside the HIGH role band 420-1800 Hz -- THIS is the ruling-3 HIGH cell
drone4_classic_v0_48000_t80	drone4_classic_v0	48000	t80	t80	volt	classic drone-4 gen4 saw+cubic HIGH role, volt=0 (droneChannel(2))	1	product-reachable (drone_4_tune_4, mute_1..3,5=1), single carrier, volt=0 semis down (drone_4.volt norm 0.0) => generators land ~551/835/1266 Hz, inside the HIGH role band 420-1800 Hz -- THIS is the ruling-3 HIGH cell
drone4_classic_v0_88200_t20	drone4_classic_v0	88200	t20	t20	volt	classic drone-4 gen4 saw+cubic HIGH role, volt=0 (droneChannel(2))	1	product-reachable (drone_4_tune_4, mute_1..3,5=1), single carrier, volt=0 semis down (drone_4.volt norm 0.0) => generators land ~551/835/1266 Hz, inside the HIGH role band 420-1800 Hz -- THIS is the ruling-3 HIGH cell
drone4_classic_v0_88200_t50	drone4_classic_v0	88200	t50	t50	volt	classic drone-4 gen4 saw+cubic HIGH role, volt=0 (droneChannel(2))	1	product-reachable (drone_4_tune_4, mute_1..3,5=1), single carrier, volt=0 semis down (drone_4.volt norm 0.0) => generators land ~551/835/1266 Hz, inside the HIGH role band 420-1800 Hz -- THIS is the ruling-3 HIGH cell
drone4_classic_v0_88200_t80	drone4_classic_v0	88200	t80	t80	volt	classic drone-4 gen4 saw+cubic HIGH role, volt=0 (droneChannel(2))	1	product-reachable (drone_4_tune_4, mute_1..3,5=1), single carrier, volt=0 semis down (drone_4.volt norm 0.0) => generators land ~551/835/1266 Hz, inside the HIGH role band 420-1800 Hz -- THIS is the ruling-3 HIGH cell
drone4_classic_v0_96000_t20	drone4_classic_v0	96000	t20	t20	volt	classic drone-4 gen4 saw+cubic HIGH role, volt=0 (droneChannel(2))	1	product-reachable (drone_4_tune_4, mute_1..3,5=1), single carrier, volt=0 semis down (drone_4.volt norm 0.0) => generators land ~551/835/1266 Hz, inside the HIGH role band 420-1800 Hz -- THIS is the ruling-3 HIGH cell
drone4_classic_v0_96000_t50	drone4_classic_v0	96000	t50	t50	volt	classic drone-4 gen4 saw+cubic HIGH role, volt=0 (droneChannel(2))	1	product-reachable (drone_4_tune_4, mute_1..3,5=1), single carrier, volt=0 semis down (drone_4.volt norm 0.0) => generators land ~551/835/1266 Hz, inside the HIGH role band 420-1800 Hz -- THIS is the ruling-3 HIGH cell
drone4_classic_v0_96000_t80	drone4_classic_v0	96000	t80	t80	volt	classic drone-4 gen4 saw+cubic HIGH role, volt=0 (droneChannel(2))	1	product-reachable (drone_4_tune_4, mute_1..3,5=1), single carrier, volt=0 semis down (drone_4.volt norm 0.0) => generators land ~551/835/1266 Hz, inside the HIGH role band 420-1800 Hz -- THIS is the ruling-3 HIGH cell
drone3_schmitt_44100_p20	drone3_schmitt	44100	p20	p20	volt	new-drone drone-3 Schmitt audio tone (drone3Channel())	1	product-reachable (drone_3_pitch; noise/fm/am=0), 2 pitch levels
drone3_schmitt_44100_p60	drone3_schmitt	44100	p60	p60	volt	new-drone drone-3 Schmitt audio tone (drone3Channel())	1	product-reachable (drone_3_pitch; noise/fm/am=0), 2 pitch levels
drone3_schmitt_48000_p20	drone3_schmitt	48000	p20	p20	volt	new-drone drone-3 Schmitt audio tone (drone3Channel())	1	product-reachable (drone_3_pitch; noise/fm/am=0), 2 pitch levels
drone3_schmitt_48000_p60	drone3_schmitt	48000	p60	p60	volt	new-drone drone-3 Schmitt audio tone (drone3Channel())	1	product-reachable (drone_3_pitch; noise/fm/am=0), 2 pitch levels
drone3_schmitt_88200_p20	drone3_schmitt	88200	p20	p20	volt	new-drone drone-3 Schmitt audio tone (drone3Channel())	1	product-reachable (drone_3_pitch; noise/fm/am=0), 2 pitch levels
drone3_schmitt_88200_p60	drone3_schmitt	88200	p60	p60	volt	new-drone drone-3 Schmitt audio tone (drone3Channel())	1	product-reachable (drone_3_pitch; noise/fm/am=0), 2 pitch levels
drone3_schmitt_96000_p20	drone3_schmitt	96000	p20	p20	volt	new-drone drone-3 Schmitt audio tone (drone3Channel())	1	product-reachable (drone_3_pitch; noise/fm/am=0), 2 pitch levels
drone3_schmitt_96000_p60	drone3_schmitt	96000	p60	p60	volt	new-drone drone-3 Schmitt audio tone (drone3Channel())	1	product-reachable (drone_3_pitch; noise/fm/am=0), 2 pitch levels
drone6_schmitt_44100_p30	drone6_schmitt	44100	p30	p30	volt	new-drone drone-6 Schmitt audio tone (drone6Channel())	1	product-reachable (drone_6_pitch; noise/fm/am=0)
drone6_schmitt_48000_p30	drone6_schmitt	48000	p30	p30	volt	new-drone drone-6 Schmitt audio tone (drone6Channel())	1	product-reachable (drone_6_pitch; noise/fm/am=0)
drone6_schmitt_88200_p30	drone6_schmitt	88200	p30	p30	volt	new-drone drone-6 Schmitt audio tone (drone6Channel())	1	product-reachable (drone_6_pitch; noise/fm/am=0)
drone6_schmitt_96000_p30	drone6_schmitt	96000	p30	p30	volt	new-drone drone-6 Schmitt audio tone (drone6Channel())	1	product-reachable (drone_6_pitch; noise/fm/am=0)
preamp_ac_44100_l0	preamp_ac	44100	l0	l0	device	preamp tanh input stage via WET bus (wet_l), AC sine on ch1	1	product-reachable (ch1 adapter AC feed; preamp_gain 2 levels)
preamp_ac_44100_l1	preamp_ac	44100	l1	l1	device	preamp tanh input stage via WET bus (wet_l), AC sine on ch1	1	product-reachable (ch1 adapter AC feed; preamp_gain 2 levels)
preamp_ac_48000_l0	preamp_ac	48000	l0	l0	device	preamp tanh input stage via WET bus (wet_l), AC sine on ch1	1	product-reachable (ch1 adapter AC feed; preamp_gain 2 levels)
preamp_ac_48000_l1	preamp_ac	48000	l1	l1	device	preamp tanh input stage via WET bus (wet_l), AC sine on ch1	1	product-reachable (ch1 adapter AC feed; preamp_gain 2 levels)
preamp_ac_88200_l0	preamp_ac	88200	l0	l0	device	preamp tanh input stage via WET bus (wet_l), AC sine on ch1	1	product-reachable (ch1 adapter AC feed; preamp_gain 2 levels)
preamp_ac_88200_l1	preamp_ac	88200	l1	l1	device	preamp tanh input stage via WET bus (wet_l), AC sine on ch1	1	product-reachable (ch1 adapter AC feed; preamp_gain 2 levels)
preamp_ac_96000_l0	preamp_ac	96000	l0	l0	device	preamp tanh input stage via WET bus (wet_l), AC sine on ch1	1	product-reachable (ch1 adapter AC feed; preamp_gain 2 levels)
preamp_ac_96000_l1	preamp_ac	96000	l1	l1	device	preamp tanh input stage via WET bus (wet_l), AC sine on ch1	1	product-reachable (ch1 adapter AC feed; preamp_gain 2 levels)
wet_chain_44100_44100	wet_chain	44100	44100	44100	device	composite kVcfPath WET output (wet_l)	1	product composite chain, not single-module
wet_chain_48000_48000	wet_chain	48000	48000	48000	device	composite kVcfPath WET output (wet_l)	1	product composite chain, not single-module
wet_chain_88200_88200	wet_chain	88200	88200	88200	device	composite kVcfPath WET output (wet_l)	1	product composite chain, not single-module
wet_chain_96000_96000	wet_chain	96000	96000	96000	device	composite kVcfPath WET output (wet_l)	1	product composite chain, not single-module
vco_sub	vco_sub	-	-	-	-	VCO sub (phase-locked saw 1 octave down)	0	module-probe: vco.h:206-218 sub branch runs only when subOut!=nullptr; both runtime call sites pass tick(&main) -> sub NEVER product-reachable
vco_saw_pulse_morph	vco_saw_pulse_morph	-	-	-	-	VCO saw/pulse/sine/morph waveforms	0	module-probe (REACHABILITY SUPERSEDED, GH#19 S0 / task #117): one CONTINUOUS morph knob now drives a 5-node ring (saw/invSaw/sine/triangle/pulse at 0/.25/.5/.75/1, linear partition of unity) and IS product-reachable as vco_a_morph/vco_b_morph; pw and PWM depth reach the pulse node through vco_*_pw + the vco_*_pwm_in consumer; there is still NO discrete wave-selector ParameterId. This cell STAYS DEFERRED: the mixed/saw/pulse nodes have no complete anti-aliasing, so only the triangle node has a band-limited arm -- do not read this row as S3/S6 done
